date,Indie
2023-04-14,3.4092621
2023-04-13,3.4256527
2023-04-12,3.4116546
2023-04-11,3.3721912
2023-04-10,3.2283074
2023-04-06,3.2257854
2023-04-05,3.2178106
2023-04-04,3.2399771
2023-04-03,3.1964733
2023-03-31,3.2412251
2023-03-30,3.2980753
2023-03-29,3.2256103
2023-03-28,3.2344901
2023-03-27,3.1831693
2023-03-24,3.1447033
2023-03-23,3.0786531
2023-03-22,3.1821737
2023-03-21,3.2001201
2023-03-20,3.2075528
2023-03-17,3.2881581
2023-03-16,3.3638395
2023-03-15,3.3497487
2023-03-14,3.3418365
2023-03-13,3.3791902
2023-03-10,3.3908635
2023-03-09,3.405485
2023-03-08,3.4465635
2023-03-07,3.3123515
2023-03-06,3.3126239
2023-03-03,3.267556
2023-03-02,3.2677833
2023-03-01,3.2550388
2023-02-28,3.3731937
2023-02-27,3.3937768
2023-02-24,3.3887018
2023-02-23,3.4115862
2023-02-22,3.4236591
2023-02-17,3.4876348
2023-02-16,3.4967459
2023-02-15,3.4611393
2023-02-14,3.4019312
2023-02-13,3.4530225
2023-02-10,3.4409419
2023-02-09,3.4076498
2023-02-08,3.5137143
2023-02-07,3.464134
2023-02-06,3.5051187
2023-02-03,3.5190218
2023-02-02,3.6359236
2023-02-01,3.646917
2023-01-31,3.67286
2023-01-30,3.6075867
2023-01-27,3.6170018
2023-01-26,3.6588836
2023-01-25,3.6536243
2023-01-24,3.6024097
2023-01-23,3.5452641
2023-01-20,3.5711939
2023-01-19,3.6211533
2023-01-18,3.6064621
2023-01-17,3.5512043
2023-01-16,3.4997768
2023-01-13,3.5396695
2023-01-12,3.5882768
2023-01-11,3.6103807
2023-01-10,3.5437811
2023-01-09,3.447996
2023-01-06,3.4679073
2023-01-05,3.4131175
2023-01-04,3.3519775
2023-01-03,3.3056765
2023-01-02,3.3922477
2022-12-30,3.544177
2022-12-29,3.5441934
2022-12-28,3.57377
2022-12-27,3.4698609
2022-12-26,3.5341104
2022-12-23,3.6025611
2022-12-22,3.4968543
2022-12-21,3.4966195
2022-12-20,3.4793813
2022-12-19,3.3782908
2022-12-16,3.3018512
2022-12-15,3.349617
2022-12-14,3.3586378
2022-12-13,3.3179424
2022-12-12,3.3963094
2022-12-09,3.4644546
2022-12-08,3.4884957
2022-12-07,3.5578713
2022-12-06,3.5656414
2022-12-05,3.5736486
2022-12-02,3.6867597
2022-12-01,3.6530857
2022-11-30,3.7016553
2022-11-29,3.6723171
2022-11-28,3.6185664
2022-11-25,3.6513376
2022-11-24,3.7704607
2022-11-23,3.6420856
2022-11-22,3.677476
2022-11-21,3.721564
2022-11-18,3.6614604
2022-11-17,3.6462768
2022-11-16,3.6965386
2022-11-14,3.824065
2022-11-11,3.8077216
2022-11-10,3.8092582
2022-11-09,3.9780426
2022-11-08,4.0291819
2022-11-07,4.0079131
2022-11-04,4.1210366
2022-11-03,4.0877241
2022-11-01,4.0694236
2022-10-31,4.0545266
2022-10-28,3.9343169
2022-10-27,3.9156737
2022-10-26,3.8296769
2022-10-25,3.9221822
2022-10-24,3.9554242
2022-10-21,4.0205881
2022-10-20,3.9357011
2022-10-19,3.9466935
2022-10-18,3.9508
2022-10-17,3.8891011
2022-10-14,3.825564
2022-10-13,3.8817482
2022-10-11,3.8902371
2022-10-10,3.902234
2022-10-07,3.8995237
2022-10-06,3.9440811
2022-10-05,3.9179681
2022-10-04,3.9100326
2022-10-03,3.9006592
2022-09-30,3.7176986
2022-09-29,3.6608608
2022-09-28,3.6921598
2022-09-27,3.6664928
2022-09-26,3.7010312
2022-09-23,3.8253908
2022-09-22,3.9037044
2022-09-21,3.8301354
2022-09-20,3.8381755
2022-09-19,3.8378098
2022-09-16,3.7722068
2022-09-15,3.8164123
2022-09-14,3.8660775
2022-09-13,3.8392101
2022-09-12,3.928144
2022-09-09,3.9005749
2022-09-08,3.8384287
2022-09-06,3.8145474
2022-09-05,3.9115902
2022-09-02,3.8774535
2022-09-01,3.8293732
2022-08-31,3.7780496
2022-08-30,3.7837267
2022-08-29,3.8210931
2022-08-26,3.8008593
2022-08-25,3.8507378
2022-08-24,3.8278975
2022-08-23,3.7732531
2022-08-22,3.6982685
2022-08-19,3.7537955
2022-08-18,3.8425415
2022-08-17,3.8368761
2022-08-16,3.8142003
2022-08-15,3.8522866
2022-08-12,3.7899399
2022-08-11,3.6957027
2022-08-10,3.7531666
2022-08-09,3.6447327
2022-08-08,3.6802645
2022-08-05,3.635003
2022-08-04,3.6087245
2022-08-03,3.488657
2022-08-02,3.4273284
2022-08-01,3.3961698
2022-07-29,3.4135159
2022-07-28,3.4136916
2022-07-27,3.3563653
2022-07-26,3.2785204
2022-07-25,3.3297085
2022-07-22,3.3206583
2022-07-21,3.3348934
2022-07-20,3.326243
2022-07-19,3.2725613
2022-07-18,3.2402449
2022-07-15,3.2598067
2022-07-14,3.2358945
2022-07-13,3.2696695
2022-07-12,3.2942346
2022-07-11,3.296333
2022-07-08,3.3604358
2022-07-07,3.3579697
2022-07-06,3.287489
2022-07-05,3.2604199
2022-07-04,3.275551
2022-07-01,3.2871656
2022-06-30,3.272074
2022-06-29,3.2593757
2022-06-28,3.2924352
2022-06-27,3.2917116
2022-06-24,3.2280449
2022-06-23,3.2225477
2022-06-22,3.2545024
2022-06-21,3.2634334
2022-06-20,3.2552738
2022-06-17,3.2930992
2022-06-15,3.3459063
2022-06-14,3.2588999
2022-06-13,3.2945499
2022-06-10,3.4405843
2022-06-09,3.5392682
2022-06-08,3.5545124
2022-06-07,3.5735113
2022-06-06,3.6028066
2022-06-03,3.6913419
2022-06-02,3.7707999
2022-06-01,3.7476842
2022-05-31,3.7873255
2022-05-30,3.7974616
2022-05-27,3.8384209
2022-05-26,3.8130673
2022-05-25,3.7467772
2022-05-24,3.7026693
2022-05-23,3.7174099
2022-05-20,3.7090387
2022-05-19,3.6846811
2022-05-18,3.6498569
2022-05-17,3.7213131
2022-05-16,3.6969839
2022-05-13,3.6455882
2022-05-12,3.5416024
2022-05-11,3.495703
2022-05-10,3.5206452
2022-05-09,3.4728097
2022-05-06,3.6079425
2022-05-05,3.6465997
2022-05-04,3.7810881
2022-05-03,3.7022647
2022-05-02,3.6916509
2022-04-29,3.7641317
2022-04-28,3.8409214
2022-04-27,3.8117144
2022-04-26,3.8349513
2022-04-25,3.9078684
2022-04-22,3.8736089
2022-04-20,4.0207881
2022-04-19,4.0244333
2022-04-18,3.9789189
2022-04-14,4.0100241
2022-04-13,4.049695
2022-04-12,4.0277529
2022-04-11,4.0692146
2022-04-08,4.1452547
2022-04-07,4.1657927
2022-04-06,4.1669894
2022-04-05,4.2490235
2022-04-04,4.3369831
2022-04-01,4.351064
2022-03-31,4.2374311
2022-03-30,4.2492786
2022-03-29,4.2946124
2022-03-28,4.2083119
2022-03-25,4.2331212
2022-03-24,4.1741729
2022-03-23,4.1118646
2022-03-22,4.0735175
2022-03-21,3.9601523
2022-03-18,4.0096304
2022-03-17,3.8715067
2022-03-16,3.8228295
2022-03-15,3.7763317
2022-03-14,3.7572582
2022-03-11,3.8553525
2022-03-10,4.0552801
2022-03-09,4.1229554
2022-03-08,3.9816636
2022-03-07,3.9327364
2022-03-04,4.1193386
2022-03-03,4.196579
2022-03-02,4.2249724
2022-02-25,4.1985808
2022-02-24,4.2012709
2022-02-23,4.2067677
2022-02-22,4.263942
2022-02-21,4.1914059
2022-02-18,4.2752594
2022-02-17,4.335237
2022-02-16,4.3787441
2022-02-15,4.3731512
2022-02-14,4.2940673
2022-02-11,4.2491678
2022-02-10,4.259778
2022-02-09,4.2590493
2022-02-08,4.2046843
2022-02-07,4.2228699
2022-02-04,4.2922623
2022-02-03,4.3006711
2022-02-02,4.3429652
2022-02-01,4.3995059
2022-01-31,4.4141363
2022-01-28,4.2961891
2022-01-27,4.3511372
2022-01-26,4.3224363
2022-01-25,4.2294214
2022-01-24,4.091881
2022-01-21,4.1511226
2022-01-20,4.1438955
2022-01-19,3.9672657
2022-01-18,3.8815959
2022-01-17,3.9344809
2022-01-14,3.950208
2022-01-13,3.9128301
2022-01-12,3.9481586
2022-01-11,3.8558849
2022-01-10,3.7268179
2022-01-07,3.786751
2022-01-06,3.785341
2022-01-05,3.7913754
2022-01-04,3.9808694
2022-01-03,4.0714893
2021-12-31,4.2400191
2021-12-30,4.2401248
2021-12-29,4.1586826
2021-12-28,4.2210691
2021-12-27,4.2497159
2021-12-24,4.2176966
2021-12-23,4.2177913
2021-12-22,4.2967347
2021-12-21,4.3055354
2021-12-20,4.294037
2021-12-17,4.3862916
2021-12-16,4.371805
2021-12-15,4.3747808
2021-12-14,4.2791892
2021-12-13,4.3778551
2021-12-10,4.405355
2021-12-09,4.2982848
2021-12-08,4.3857861
2021-12-07,4.2662094
2021-12-06,4.239524
2021-12-03,4.2354742
2021-12-02,4.0586285
2021-12-01,3.9409192
2021-11-30,4.078523
2021-11-29,4.1406663
2021-11-26,4.1783319
2021-11-25,4.3639059
2021-11-24,4.2752621
2021-11-23,4.2999968
2021-11-22,4.2945001
2021-11-19,4.4321534
2021-11-18,4.4013483
2021-11-17,4.345189
2021-11-16,4.422138
2021-11-12,4.5909116
2021-11-11,4.7880654
2021-11-10,4.6991306
2021-11-09,4.6451881
2021-11-08,4.5851515
2021-11-05,4.5996812
2021-11-04,4.4890746
2021-11-03,4.5611982
2021-11-01,4.438648
2021-10-29,4.3340177
2021-10-28,4.3793118
2021-10-27,4.4892234
2021-10-26,4.4616317
2021-10-25,4.6090424
2021-10-22,4.5056611
2021-10-21,4.5996537
2021-10-20,4.7440351
2021-10-19,4.7685525
2021-10-18,5.0064962
2021-10-15,5.0619329
2021-10-14,5.0042287
2021-10-13,5.0185108
2021-10-11,4.9650241
2021-10-08,5.0075699
2021-10-07,4.8810609
2021-10-06,4.8745353
2021-10-05,4.8997684
2021-10-04,4.9215787
2021-10-01,5.1324932
2021-09-30,5.055968
2021-09-29,5.0276116
2021-09-28,5.0199255
2021-09-27,5.2352763
2021-09-24,5.2796871
2021-09-23,5.3304836
2021-09-22,5.3215819
2021-09-21,5.2999786
2021-09-20,5.1304121
2021-09-17,5.276573
2021-09-16,5.310565
2021-09-15,5.3963222
2021-09-14,5.409071
2021-09-13,5.3408403
2021-09-10,5.2114701
2021-09-09,5.2497989
2021-09-08,5.1461199
2021-09-06,5.3047236
2021-09-03,5.2340566
2021-09-02,5.2227588
2021-09-01,5.3394928
2021-08-31,5.3395946
2021-08-30,5.4047851
2021-08-27,5.4600216
2021-08-26,5.3697279
2021-08-25,5.5048178
2021-08-24,5.4762941
2021-08-23,5.3979787
2021-08-20,5.5145664
2021-08-19,5.4489824
2021-08-18,5.3097748
2021-08-17,5.3489493
2021-08-16,5.4290749
2021-08-13,5.6100069
2021-08-12,5.5920182
2021-08-11,5.6211031
2021-08-10,5.6408917
2021-08-09,5.7061791
2021-08-06,5.7173049
2021-08-05,5.7077461
2021-08-04,5.7718376
2021-08-03,5.8272747
2021-08-02,5.8248334
2021-07-30,5.8021369
2021-07-29,5.9850394
2021-07-28,5.9566385
2021-07-27,5.9577623
2021-07-26,6.0595573
2021-07-23,6.1008263
2021-07-22,6.1278364
2021-07-21,6.0757099
2021-07-20,6.0490594
2021-07-19,6.000764
2021-07-16,6.0651282
2021-07-15,6.0761908
2021-07-14,6.080945
2021-07-13,6.0572935
2021-07-12,5.988993
2021-07-09,5.9095509
2021-07-08,5.9096717
2021-07-07,5.990155
2021-07-06,5.9021763
2021-07-05,5.9844055
2021-07-02,5.9860261
2021-07-01,5.8657499
2021-06-30,5.9163664
2021-06-29,5.9475958
2021-06-28,5.930458
2021-06-25,5.9299021
2021-06-24,5.9978184
2021-06-23,5.947752
2021-06-22,5.9271706
2021-06-21,5.9303562
2021-06-18,5.9126113
2021-06-17,5.881404
2021-06-16,5.8880389
2021-06-15,5.8856297
2021-06-14,5.8662089
2021-06-11,5.787229
2021-06-10,5.8559417
2021-06-09,5.8459727
2021-06-08,5.8617127
2021-06-07,5.8868121
2021-06-04,5.8895064
2021-06-02,5.8715442
2021-06-01,5.8891981
2021-05-31,5.8667298
2021-05-28,5.8014704
2021-05-27,5.7808121
2021-05-26,5.7079339
2021-05-25,5.6726096
2021-05-24,5.6524259
2021-05-21,5.5376292
2021-05-20,5.5377235
2021-05-19,5.4670548
2021-05-18,5.5378445
2021-05-17,5.5404932
2021-05-14,5.5254787
2021-05-13,5.4206866
2021-05-12,5.3318889
2021-05-11,5.5519694
2021-05-10,5.5636027
2021-05-07,5.6219181
2021-05-06,5.5176451
2021-05-05,5.5411557
2021-05-04,5.49752
2021-05-03,5.5399407
2021-04-30,5.4842184
2021-04-29,5.4864587
2021-04-28,5.4708592
2021-04-27,5.4064398
2021-04-26,5.4539641
2021-04-23,5.4681916
2021-04-22,5.4027604
2021-04-20,5.4802709
2021-04-19,5.5074969
2021-04-16,5.5426421
2021-04-15,5.5288712
2021-04-14,5.521216
2021-04-13,5.5423897
2021-04-12,5.5368475
2021-04-09,5.5060449
2021-04-08,5.5204402
2021-04-07,5.4702215
2021-04-06,5.4872574
2021-04-05,5.4063664
2021-04-01,5.3209198
2021-03-31,5.3559374
2021-03-30,5.3504698
2021-03-29,5.2506727
2021-03-26,5.3011192
2021-03-25,5.3214598
2021-03-24,5.1900787
2021-03-23,5.3180151
2021-03-22,5.358332
2021-03-19,5.3660788
2021-03-18,5.2199479
2021-03-17,5.372783
2021-03-16,5.2559456
2021-03-15,5.280952
2021-03-12,5.2297713
2021-03-11,5.2559443
2021-03-10,5.0859429
2021-03-09,5.0303713
2021-03-08,5.0348522
2021-03-05,5.3522396
2021-03-04,5.2415239
2021-03-03,5.2199705
2021-03-02,5.2589175
2021-03-01,5.2671306
2021-02-26,5.2321703
2021-02-25,5.3547216
2021-02-24,5.4991601
2021-02-23,5.4994697
2021-02-22,5.5448419
2021-02-19,5.6642202
2021-02-18,5.634179
2021-02-17,5.6891271
2021-02-12,5.6798548
2021-02-11,5.7103176
2021-02-10,5.6497725
2021-02-09,5.7675864
2021-02-08,5.8332034
2021-02-05,5.8015777
2021-02-04,5.7692238
2021-02-03,5.7650695
2021-02-02,5.6956243
2021-02-01,5.588863
2021-01-29,5.4639336
2021-01-28,5.6097231
2021-01-27,5.4521498
2021-01-26,5.5565236
2021-01-25,5.5322537
2021-01-22,5.532397
2021-01-21,5.5887054
2021-01-20,5.6206408
2021-01-19,5.6461331
2021-01-18,5.6761716
2021-01-15,5.6527321
2021-01-14,5.722175
2021-01-13,5.6593033
2021-01-12,5.6796353
2021-01-11,5.6009848
2021-01-08,5.5777807
2021-01-07,5.2782518
2021-01-06,5.2457928
2021-01-05,5.4263085
2021-01-04,5.4429242
2020-12-31,5.4603995
2020-12-30,5.4605447
2020-12-29,5.3991725
2020-12-28,5.3571578
2020-12-24,5.3041286
2020-12-23,5.3042726
2020-12-22,5.2016896
2020-12-21,5.1882995
2020-12-18,5.2615862
2020-12-17,5.300168
2020-12-16,5.2848497
2020-12-15,5.2157521
2020-12-14,5.1712022
2020-12-11,5.1629243
2020-12-10,5.1791676
2020-12-09,5.1572366
2020-12-08,5.2058995
2020-12-07,5.1794146
2020-12-04,5.2362004
2020-12-03,5.1777947
2020-12-02,5.1634494
2020-12-01,5.1372599
2020-11-30,5.099001
2020-11-27,5.1677603
2020-11-26,5.1729294
2020-11-25,5.1325833
2020-11-24,5.0574834
2020-11-23,5.017046
2020-11-20,4.953198
2020-11-19,4.9486941
2020-11-18,4.9299391
2020-11-17,4.9750157
2020-11-16,5.0155925
2020-11-13,4.9821494
2020-11-12,4.8322143
2020-11-11,4.9230127
2020-11-10,4.9167235
2020-11-09,4.9636589
2020-11-06,4.9979018
2020-11-05,4.9550337
2020-11-04,4.8423422
2020-11-03,4.6885067
2020-10-30,4.5744893
2020-10-29,4.694964
2020-10-28,4.6242891
2020-10-27,4.7897224
2020-10-26,4.7999781
2020-10-23,4.80884
2020-10-22,4.8260012
2020-10-21,4.8134431
2020-10-20,4.822154
2020-10-19,4.7424605
2020-10-16,4.7475416
2020-10-15,4.774444
2020-10-14,4.7663527
2020-10-13,4.6898965
2020-10-09,4.6731397
2020-10-08,4.6447243
2020-10-07,4.5591184
2020-10-06,4.5851179
2020-10-05,4.6031806
2020-10-02,4.5544047
2020-10-01,4.6193448
2020-09-30,4.5514426
2020-09-29,4.5096548
2020-09-28,4.5611884
2020-09-25,4.6946395
2020-09-24,4.6933715
2020-09-23,4.6812323
2020-09-22,4.6941882
2020-09-21,4.6921515
2020-09-18,4.7346051
2020-09-17,4.8140054
2020-09-16,4.8121608
2020-09-15,4.8252859
2020-09-14,4.8436811
2020-09-11,4.7284715
2020-09-10,4.767523
2020-09-09,4.8997403
2020-09-08,4.8398301
2020-09-04,4.8759566
2020-09-03,4.8710397
2020-09-02,4.942031
2020-09-01,4.941854
2020-08-31,4.83698
2020-08-28,4.9283469
2020-08-27,4.8648523
2020-08-26,4.8669619
2020-08-25,4.8964582
2020-08-24,4.8481535
2020-08-21,4.8361033
2020-08-20,4.8086685
2020-08-19,4.7898986
2020-08-18,4.8258485
2020-08-17,4.6654557
2020-08-14,4.7763419
2020-08-13,4.739162
2020-08-12,4.7359118
2020-08-11,4.7754656
2020-08-10,4.8222477
2020-08-07,4.8482521
2020-08-06,4.8952231
2020-08-05,4.8246064
2020-08-04,4.7385601
2020-08-03,4.8003476
2020-07-31,4.7994548
2020-07-30,4.8555888
2020-07-29,4.8180737
2020-07-28,4.7427001
2020-07-27,4.7476464
2020-07-24,4.7363405
2020-07-23,4.762947
2020-07-22,4.8775596
2020-07-21,4.8584401
2020-07-20,4.8930027
2020-07-17,4.8019961
2020-07-16,4.6788889
2020-07-15,4.7013767
2020-07-14,4.6856807
2020-07-13,4.6393969
2020-07-10,4.7137405
2020-07-09,4.6696151
2020-07-08,4.6682586
2020-07-07,4.5766866
2020-07-06,4.5920359
2020-07-03,4.5678024
2020-07-02,4.4992618
2020-07-01,4.5176308
2020-06-30,4.4332719
2020-06-29,4.4141142
2020-06-26,4.3361138
2020-06-25,4.4332768
2020-06-24,4.3710511
2020-06-23,4.4303348
2020-06-22,4.3876432
2020-06-19,4.38553
2020-06-18,4.3251071
2020-06-17,4.2939394
2020-06-16,4.2058354
2020-06-15,4.2005121
2020-06-12,4.2017421
2020-06-10,4.2478456
2020-06-09,4.3217443
2020-06-08,4.3511559
2020-06-05,4.2280632
2020-06-04,4.169967
2020-06-03,4.1939756
2020-06-02,4.0509426
2020-06-01,3.9780677
2020-05-29,3.9249452
2020-05-28,3.934007
2020-05-27,3.9980916
2020-05-26,3.8623887
2020-05-25,3.8367584
2020-05-22,3.6544667
2020-05-21,3.7018178
2020-05-20,3.6131745
2020-05-19,3.5872256
2020-05-18,3.5649586
2020-05-15,3.3556643
2020-05-14,3.3750505
2020-05-13,3.3367118
2020-05-12,3.3687302
2020-05-11,3.4466514
2020-05-08,3.502304
2020-05-07,3.4752731
2020-05-06,3.5532555
2020-05-05,3.5631226
2020-05-04,3.5514238
2020-04-30,3.6206289
2020-04-29,3.7225473
2020-04-28,3.6618346
2020-04-27,3.5346179
2020-04-24,3.4138745
2020-04-23,3.6069056
2020-04-22,3.6752091
2020-04-20,3.5588892
2020-04-17,3.4836526
2020-04-16,3.4225697
2020-04-15,3.4503172
2020-04-14,3.4822587
2020-04-13,3.3681222
2020-04-09,3.3691295
2020-04-08,3.3611479
2020-04-07,3.2649091
2020-04-06,3.1411389
2020-04-03,2.9317772
2020-04-02,3.0350417
2020-04-01,2.9922285
2020-03-31,3.1414452
2020-03-30,3.2798468
2020-03-27,3.289092
2020-03-26,3.4854571
2020-03-25,3.2701273
2020-03-24,2.9618742
2020-03-23,2.6785744
2020-03-20,2.8574434
2020-03-19,2.8276523
2020-03-18,2.6454448
2020-03-17,3.1459332
2020-03-16,3.0625414
2020-03-13,3.6603217
2020-03-12,3.3203731
2020-03-11,3.9265467
2020-03-10,4.222635
2020-03-09,3.9432289
2020-03-06,4.4885451
2020-03-05,4.6708816
2020-03-04,4.9466763
2020-03-03,4.8592495
2020-03-02,4.9120747
2020-02-28,4.7835752
2020-02-27,4.7456872
2020-02-26,4.8841124
2020-02-21,5.245894
2020-02-20,5.2516107
2020-02-19,5.3287742
2020-02-18,5.260348
2020-02-17,5.2370738
2020-02-14,5.1917605
2020-02-13,5.2314936
2020-02-12,5.2495914
2020-02-11,5.1694279
2020-02-10,5.0244779
2020-02-07,5.1245963
2020-02-06,5.2444276
2020-02-05,5.2651713
2020-02-04,5.2707936
2020-02-03,5.2101922
2020-01-31,5.1264275
2020-01-30,5.1951864
2020-01-29,5.2265911
2020-01-28,5.249829
2020-01-27,5.1379642
2020-01-24,5.305734
2020-01-23,5.3772458
2020-01-22,5.3303506
2020-01-21,5.3127422
2020-01-20,5.3403345
2020-01-17,5.258847
2020-01-16,5.2221526
2020-01-15,5.2380367
2020-01-14,5.2576494
2020-01-13,5.2208773
2020-01-10,5.1559775
2020-01-09,5.1544347
2020-01-08,5.13076
2020-01-07,5.1390979
2020-01-06,5.1299174
2020-01-03,5.1626802
2020-01-02,5.1006282
2019-12-31,4.9797523
2019-12-30,4.979812
2019-12-27,5.0008343
2019-12-26,4.9769818
2019-12-24,4.9113224
2019-12-23,4.9113599
2019-12-20,4.8509341
2019-12-19,4.8391129
2019-12-18,4.7568599
2019-12-17,4.683351
2019-12-16,4.7009934
2019-12-13,4.6755129
2019-12-12,4.6162132
2019-12-11,4.5411695
2019-12-10,4.4851198
2019-12-09,4.4826837
2019-12-06,4.4989172
2019-12-05,4.4426882
2019-12-04,4.4132238
2019-12-03,4.3925009
2019-12-02,4.3603158
2019-11-29,4.3292513
2019-11-28,4.3116782
2019-11-27,4.2810301
2019-11-26,4.2839652
2019-11-25,4.3158325
2019-11-22,4.3426269
2019-11-21,4.2546234
2019-11-20,4.1767071
2019-11-19,4.1768062
2019-11-18,4.1962498
2019-11-14,4.2020614
2019-11-13,4.1800519
2019-11-12,4.1964497
2019-11-11,4.2677305
2019-11-08,4.2327671
2019-11-07,4.3059677
2019-11-06,4.2580977
2019-11-05,4.23953
2019-11-04,4.2886887
2019-11-01,4.3216973
2019-10-31,4.2563454
2019-10-30,4.2511392
2019-10-29,4.1945722
2019-10-28,4.2000618
2019-10-25,4.1766115
2019-10-24,4.1858586
2019-10-23,4.2023014
2019-10-22,4.217496
2019-10-21,4.1797878
2019-10-18,4.1581604
2019-10-17,4.1431826
2019-10-16,4.1381283
2019-10-15,4.1128046
2019-10-14,4.1111035
2019-10-11,4.0752336
2019-10-10,3.9879281
2019-10-09,3.9983492
2019-10-08,3.9740065
2019-10-07,3.9968956
2019-10-04,4.0543714
2019-10-03,4.0075734
2019-10-02,3.9627055
2019-10-01,4.0455576
2019-09-30,4.0728645
2019-09-27,4.0405557
2019-09-26,4.0438652
2019-09-25,4.0095232
2019-09-24,4.0094914
2019-09-23,4.0505578
2019-09-20,4.0651623
2019-09-19,4.0623163
2019-09-18,4.0165893
2019-09-17,3.9933583
2019-09-16,3.9456669
2019-09-13,3.95401
2019-09-12,4.0105192
2019-09-11,4.0142529
2019-09-10,3.929205
2019-09-09,3.9301246
2019-09-06,4.0169729
2019-09-05,4.0368949
2019-09-04,4.0396211
2019-09-03,4.0263307
2019-09-02,4.068107
2019-08-30,4.0450748
2019-08-29,3.9913802
2019-08-28,3.8879182
2019-08-27,3.8372992
2019-08-26,3.787686
2019-08-23,3.8532292
2019-08-22,3.9634298
2019-08-21,3.9984134
2019-08-20,3.9202209
2019-08-19,3.9092861
2019-08-16,3.9181402
2019-08-15,3.870902
2019-08-14,3.932156
2019-08-13,4.0348746
2019-08-12,3.9936071
2019-08-09,4.0617018
2019-08-08,4.0521563
2019-08-07,3.9677315
2019-08-06,3.9590067
2019-08-05,3.8341657
2019-08-02,3.9205437
2019-08-01,3.8992091
2019-07-31,3.8473492
2019-07-30,3.8508627
2019-07-29,3.8121462
2019-07-26,3.7860651
2019-07-25,3.7653148
2019-07-24,3.7995825
2019-07-23,3.7906619
2019-07-22,3.8174223
2019-07-19,3.8147756
2019-07-18,3.8708484
2019-07-17,3.8424188
2019-07-16,3.8059666
2019-07-15,3.7807075
2019-07-12,3.7920899
2019-07-11,3.822695
2019-07-10,3.8454269
2019-07-09,3.7798026
2019-07-08,3.779882
2019-07-05,3.7293634
2019-07-04,3.6862645
2019-07-03,3.6427417
2019-07-02,3.5955169
2019-07-01,3.6133567
2019-06-28,3.6333407
2019-06-27,3.5852806
2019-06-26,3.569809
2019-06-25,3.5721489
2019-06-24,3.6421028
2019-06-21,3.645364
2019-06-19,3.6011993
2019-06-18,3.5587637
2019-06-17,3.5068876
2019-06-14,3.5161127
2019-06-13,3.5387115
2019-06-12,3.4810708
2019-06-11,3.5057436
2019-06-10,3.4685311
2019-06-07,3.469944
2019-06-06,3.4390219
2019-06-05,3.4228129
2019-06-04,3.4585071
2019-06-03,3.4483452
2019-05-31,3.4434071
2019-05-30,3.4410363
2019-05-29,3.413241
2019-05-28,3.3832133
2019-05-27,3.304488
2019-05-24,3.267297
2019-05-23,3.2775186
2019-05-22,3.2896248
2019-05-21,3.2916389
2019-05-20,3.2001216
2019-05-17,3.1286796
2019-05-16,3.16408
2019-05-15,3.2328578
2019-05-14,3.2595772
2019-05-13,3.2543947
2019-05-10,3.3422084
2019-05-09,3.3666731
2019-05-08,3.3825457
2019-05-07,3.317064
2019-05-06,3.3232213
2019-05-03,3.3410721
2019-05-02,3.31729
2019-04-30,3.3412156
2019-04-29,3.3102838
2019-04-26,3.2853162
2019-04-25,3.2486121
2019-04-24,3.1823372
2019-04-23,3.1938642
2019-04-22,3.1550784
2019-04-18,3.1490014
2019-04-17,3.0771359
2019-04-16,3.1136123
2019-04-15,3.0992061
2019-04-12,3.0842978
2019-04-11,3.1459704
2019-04-10,3.1773088
2019-04-09,3.1597155
2019-04-08,3.1993219
2019-04-05,3.2196489
2019-04-04,3.2182245
2019-04-03,3.1868712
2019-04-02,3.2258841
2019-04-01,3.2288105
2019-03-29,3.2245833
2019-03-28,3.179579
2019-03-27,3.1018055
2019-03-26,3.2244473
2019-03-25,3.1798873
2019-03-22,3.1684277
2019-03-21,3.2588297
2019-03-20,3.2967472
2019-03-19,3.3369102
2019-03-18,3.3499896
2019-03-15,3.3246061
2019-03-14,3.3265931
2019-03-13,3.3255993
2019-03-12,3.3287369
2019-03-11,3.323731
2019-03-08,3.2372312
2019-03-07,3.188614
2019-03-06,3.1949327
2019-03-01,3.2135297
2019-02-28,3.2467883
2019-02-27,3.2778516
2019-02-26,3.2846947
2019-02-25,3.2772778
2019-02-22,3.2950072
2019-02-21,3.2681543
2019-02-20,3.258418
2019-02-19,3.3042447
2019-02-18,3.2922716
2019-02-15,3.3070755
2019-02-14,3.3339963
2019-02-13,3.2607604
2019-02-12,3.2765666
2019-02-11,3.232739
2019-02-08,3.2561093
2019-02-07,3.218641
2019-02-06,3.24912
2019-02-05,3.3480456
2019-02-04,3.3457709
2019-02-01,3.336059
2019-01-31,3.3279109
2019-01-30,3.3252468
2019-01-29,3.2760887
2019-01-28,3.2722606
2019-01-25,3.2927056
2019-01-24,3.2927304
2019-01-23,3.2463891
2019-01-22,3.2040075
2019-01-21,3.2202023
2019-01-18,3.2084614
2019-01-17,3.2022986
2019-01-16,3.1638961
2019-01-15,3.1499355
2019-01-14,3.1620538
2019-01-11,3.1383614
2019-01-10,3.1273268
2019-01-09,3.1102047
2019-01-08,3.0659588
2019-01-07,3.0711255
2019-01-04,3.1081848
2019-01-03,3.1420337
2019-01-02,3.1073942
2018-12-31,3.0102301
2018-12-28,3.0102911
2018-12-27,2.9302017
2018-12-26,2.8986267
2018-12-24,2.9229339
2018-12-21,2.9230003
2018-12-20,2.8803649
2018-12-19,2.8682538
2018-12-18,2.8864072
2018-12-17,2.8715569
2018-12-14,2.9134806
2018-12-13,2.9259289
2018-12-12,2.92097
2018-12-11,2.8816644
2018-12-10,2.8575507
2018-12-07,2.9147268
2018-12-06,2.9273644
2018-12-05,2.9348551
2018-12-04,2.9135961
2018-12-03,2.9550413
2018-11-30,2.9542711
2018-11-29,2.9604453
2018-11-28,2.9556957
2018-11-27,2.9279969
2018-11-26,2.8562374
2018-11-23,2.8867227
2018-11-22,2.9174379
2018-11-21,2.8955973
2018-11-20,2.9153624
2018-11-19,2.9154348
2018-11-16,2.9344489
2018-11-14,2.8519884
2018-11-13,2.798414
2018-11-12,2.812832
2018-11-09,2.8167037
2018-11-08,2.8030593
2018-11-07,2.8752167
2018-11-06,2.9078103
2018-11-05,2.9373375
2018-11-01,2.9105513
2018-10-31,2.8588215
2018-10-30,2.8420603
2018-10-29,2.7541002
2018-10-26,2.81354
2018-10-25,2.7581961
2018-10-24,2.7172923
2018-10-23,2.7632784
2018-10-22,2.7649483
2018-10-19,2.729348
2018-10-18,2.7177088
2018-10-17,2.7494561
2018-10-16,2.7358967
2018-10-15,2.6555085
2018-10-11,2.6946903
2018-10-10,2.7152682
2018-10-09,2.792092
2018-10-08,2.7784672
2018-10-05,2.6579857
2018-10-04,2.6688047
2018-10-03,2.6754962
2018-10-02,2.6254901
2018-10-01,2.556422
2018-09-28,2.6192826
2018-09-27,2.6212802
2018-09-26,2.5792043
2018-09-25,2.5861411
2018-09-24,2.5692332
2018-09-21,2.6087697
2018-09-20,2.5730009
2018-09-19,2.5587997
2018-09-18,2.5646761
2018-09-17,2.5308074
2018-09-14,2.4813396
2018-09-13,2.4687964
2018-09-12,2.4843065
2018-09-11,2.4911755
2018-09-10,2.5413119
2018-09-06,2.5407918
2018-09-05,2.5030242
2018-09-04,2.4977639
2018-09-03,2.5466749
2018-08-31,2.5574313
2018-08-30,2.5405437
2018-08-29,2.5960721
2018-08-28,2.5802171
2018-08-27,2.5857081
2018-08-24,2.5417563
2018-08-23,2.5321876
2018-08-22,2.5754268
2018-08-21,2.539265
2018-08-20,2.5879653
2018-08-17,2.5759435
2018-08-16,2.6015199
2018-08-15,2.6077573
2018-08-14,2.6600646
2018-08-13,2.6283764
2018-08-10,2.595912
2018-08-09,2.6765611
2018-08-08,2.6851429
2018-08-07,2.7270753
2018-08-06,2.7496368
2018-08-03,2.7632404
2018-08-02,2.7120325
2018-08-01,2.7015379
2018-07-31,2.6783989
2018-07-30,2.7014496
2018-07-27,2.6991432
2018-07-26,2.6915578
2018-07-25,2.7116999
2018-07-24,2.6733374
2018-07-23,2.6504598
2018-07-20,2.6717173
2018-07-19,2.6407415
2018-07-18,2.6277982
2018-07-17,2.6547025
2018-07-16,2.6291519
2018-07-13,2.6189554
2018-07-12,2.589776
2018-07-11,2.5534369
2018-07-10,2.5671947
2018-07-09,2.5686683
2018-07-06,2.568688
2018-07-05,2.5453268
2018-07-04,2.5500767
2018-07-03,2.521162
2018-07-02,2.4936617
2018-06-29,2.497752
2018-06-28,2.4709393
2018-06-27,2.4424683
2018-06-26,2.4819182
2018-06-25,2.4785768
2018-06-22,2.4645955
2018-06-21,2.4517875
2018-06-20,2.4845664
2018-06-19,2.4665728
2018-06-18,2.4220164
2018-06-15,2.4585843
2018-06-14,2.4857729
2018-06-13,2.5083287
2018-06-12,2.5084161
2018-06-11,2.4924927
2018-06-08,2.5069317
2018-06-07,2.4984689
2018-06-06,2.5719613
2018-06-05,2.6205794
2018-06-04,2.6836098
2018-06-01,2.6384203
2018-05-30,2.5977687
2018-05-29,2.553733
2018-05-28,2.5440973
2018-05-25,2.6308605
2018-05-24,2.6769158
2018-05-23,2.6779821
2018-05-22,2.7460301
2018-05-21,2.6806696
2018-05-18,2.6757462
2018-05-17,2.6939061
2018-05-16,2.7803535
2018-05-15,2.7407049
2018-05-14,2.7649889
2018-05-11,2.7825783
2018-05-10,2.800718
2018-05-09,2.7679282
2018-05-08,2.726884
2018-05-07,2.7225102
2018-05-04,2.7385255
2018-05-03,2.731832
2018-05-02,2.7736592
2018-04-30,2.8025453
2018-04-27,2.8115885
2018-04-26,2.7941806
2018-04-25,2.7635477
2018-04-24,2.763511
2018-04-23,2.7757972
2018-04-20,2.7710439
2018-04-19,2.7718838
2018-04-18,2.7864783
2018-04-17,2.7620007
2018-04-16,2.7417472
2018-04-13,2.7777418
2018-04-12,2.8003412
2018-04-11,2.7864902
2018-04-10,2.7701946
2018-04-09,2.7592815
2018-04-06,2.8109369
2018-04-05,2.8121466
2018-04-04,2.7884274
2018-04-03,2.7893977
2018-04-02,2.7911678
2018-03-29,2.8317063
2018-03-28,2.7808668
2018-03-27,2.7959696
2018-03-26,2.8349874
2018-03-23,2.8312477
2018-03-22,2.8676897
2018-03-21,2.8622864
2018-03-20,2.8581433
2018-03-19,2.8549018
2018-03-16,2.8733481
2018-03-15,2.8780486
2018-03-14,2.8926756
2018-03-13,2.9109136
2018-03-12,2.9161829
2018-03-09,2.8938648
2018-03-08,2.8530364
2018-03-07,2.8693036
2018-03-06,2.8824462
2018-03-05,2.8899989
2018-03-02,2.8692914
2018-03-01,2.8497481
2018-02-28,2.8518438
2018-02-27,2.8779829
2018-02-26,2.8823434
2018-02-23,2.8722097
2018-02-22,2.85595
2018-02-21,2.8323975
2018-02-20,2.8229376
2018-02-19,2.7915445
2018-02-16,2.7861762
2018-02-15,2.7774664
2018-02-14,2.7658928
2018-02-09,2.701022
2018-02-08,2.7316686
2018-02-07,2.7629164
2018-02-06,2.7884527
2018-02-05,2.7406234
2018-02-02,2.8015638
2018-02-01,2.8395918
2018-01-31,2.81744
2018-01-30,2.7906086
2018-01-29,2.8000896
2018-01-26,2.8253304
2018-01-25,2.7552404
2018-01-24,2.7552285
2018-01-23,2.6705406
2018-01-22,2.6926261
2018-01-19,2.685198
2018-01-18,2.680924
2018-01-17,2.6895227
2018-01-16,2.6547131
2018-01-15,2.6542515
2018-01-12,2.6427842
2018-01-11,2.6536059
2018-01-10,2.6300498
2018-01-09,2.6412742
2018-01-08,2.6563291
2018-01-05,2.6527652
2018-01-04,2.6436394
2018-01-03,2.6316803
2018-01-02,2.627077
2017-12-29,2.5972455
2017-12-28,2.5972369
2017-12-27,2.5770575
2017-12-26,2.5632116
2017-12-22,2.5530107
2017-12-21,2.5474816
2017-12-20,2.5097048
2017-12-19,2.4902891
2017-12-18,2.4971933
2017-12-15,2.4897961
2017-12-14,2.4738414
2017-12-13,2.4890043
2017-12-12,2.5047235
2017-12-11,2.4916554
2017-12-08,2.4999492
2017-12-07,2.4691304
2017-12-06,2.4646178
2017-12-05,2.4546376
2017-12-04,2.4626087
2017-12-01,2.4483816
2017-11-30,2.4480917
2017-11-29,2.4728903
2017-11-28,2.5051671
2017-11-27,2.4965054
2017-11-24,2.5082303
2017-11-23,2.4979418
2017-11-22,2.5044397
2017-11-21,2.5048676
2017-11-20,2.4729907
2017-11-17,2.473022
2017-11-16,2.4433068
2017-11-14,2.3909759
2017-11-13,2.4171699
2017-11-10,2.3888523
2017-11-09,2.4303928
2017-11-08,2.4819384
2017-11-07,2.4247364
2017-11-06,2.475523
2017-11-03,2.4746583
2017-11-01,2.4955559
2017-10-31,2.5017873
2017-10-30,2.5182529
2017-10-27,2.5579415
2017-10-26,2.5569504
2017-10-25,2.5744928
2017-10-24,2.5579158
2017-10-23,2.539165
2017-10-20,2.5743628
2017-10-19,2.5628539
2017-10-18,2.5701347
2017-10-17,2.534037
2017-10-16,2.5522541
2017-10-13,2.5744756
2017-10-11,2.5717339
2017-10-10,2.5747939
2017-10-09,2.5367927
2017-10-06,2.5401649
2017-10-05,2.5472751
2017-10-04,2.5493064
2017-10-03,2.5384416
2017-10-02,2.4860648
2017-09-29,2.4650614
2017-09-28,2.4343655
2017-09-27,2.4260041
2017-09-26,2.4434292
2017-09-25,2.438279
2017-09-22,2.478438
2017-09-21,2.4802262
2017-09-20,2.4909676
2017-09-19,2.4871739
2017-09-18,2.4777922
2017-09-15,2.4653475
2017-09-14,2.4425897
2017-09-13,2.4300684
2017-09-12,2.4197675
2017-09-11,2.4174565
2017-09-08,2.394415
2017-09-06,2.3843523
2017-09-05,2.3342735
2017-09-04,2.322649
2017-09-01,2.3180107
2017-08-31,2.3048973
2017-08-30,2.312154
2017-08-29,2.3114944
2017-08-28,2.3017949
2017-08-25,2.3016534
2017-08-24,2.2989829
2017-08-23,2.2803639
2017-08-22,2.2800652
2017-08-21,2.2495101
2017-08-18,2.2458644
2017-08-17,2.2322754
2017-08-16,2.2385834
2017-08-15,2.2356576
2017-08-14,2.2264157
2017-08-11,2.2093577
2017-08-10,2.1897455
2017-08-09,2.206399
2017-08-08,2.2052089
2017-08-07,2.2061747
2017-08-04,2.192213
2017-08-03,2.1899121
2017-08-02,2.190868
2017-08-01,2.1737322
2017-07-31,2.1625658
2017-07-28,2.1618483
2017-07-27,2.1515969
2017-07-26,2.1369206
2017-07-25,2.1515419
2017-07-24,2.1453791
2017-07-21,2.1334953
2017-07-20,2.128596
2017-07-19,2.1167284
2017-07-18,2.1291268
2017-07-17,2.1307616
2017-07-14,2.1339882
2017-07-13,2.1203082
2017-07-12,2.1096224
2017-07-11,2.0776171
2017-07-10,2.0625057
2017-07-07,2.0485846
2017-07-06,2.0397606
2017-07-05,2.0535024
2017-07-04,2.0514609
2017-07-03,2.0492534
2017-06-30,2.0401014
2017-06-29,2.0139527
2017-06-28,2.0097714
2017-06-27,2.0079698
2017-06-26,2.0200064
2017-06-23,1.9970741
2017-06-22,1.9936472
2017-06-21,1.9897028
2017-06-20,1.9890762
2017-06-19,2.0187315
2017-06-16,2.0158472
2017-06-14,2.0162976
2017-06-13,2.0087937
2017-06-12,1.9951601
2017-06-09,1.9990682
2017-06-08,2.0096864
2017-06-07,2.0217491
2017-06-06,2.0160769
2017-06-05,2.0076126
2017-06-02,2.0016178
2017-06-01,1.9925803
2017-05-31,2.0036842
2017-05-30,2.0236798
2017-05-29,2.0259921
2017-05-26,2.0248609
2017-05-25,1.999216
2017-05-24,1.9969948
2017-05-23,1.9691162
2017-05-22,1.9434436
2017-05-19,1.9893734
2017-05-18,1.9524965
2017-05-17,2.1437806
2017-05-16,2.1613817
2017-05-15,2.1520301
2017-05-12,2.1484645
2017-05-11,2.1443182
2017-05-10,2.1448256
2017-05-09,2.1195385
2017-05-08,2.1023282
2017-05-05,2.0982717
2017-05-04,2.0757692
2017-05-03,2.1056074
2017-05-02,2.1094832
2017-04-28,2.0718611
2017-04-27,2.0460112
2017-04-26,2.0461393
2017-04-25,2.0488849
2017-04-24,2.0285684
2017-04-20,2.0180485
2017-04-19,2.0147718
2017-04-18,2.0299288
2017-04-17,2.0277782
2017-04-13,1.9879254
2017-04-12,2.0074312
2017-04-11,2.0121978
2017-04-10,2.019803
2017-04-07,2.0157019
2017-04-06,2.0078964
2017-04-05,2.0266432
2017-04-04,2.0450235
2017-04-03,2.032441
2017-03-31,2.0294326
2017-03-30,2.0205268
2017-03-29,2.0184289
2017-03-28,1.9963631
2017-03-27,1.9756395
2017-03-24,1.9790573
2017-03-23,1.966567
2017-03-22,1.9613731
2017-03-21,1.951144
2017-03-20,1.9774768
2017-03-17,1.9741398
2017-03-16,1.9954872
2017-03-15,1.9984014
2017-03-14,1.9695659
2017-03-13,1.9788455
2017-03-10,1.9585817
2017-03-09,1.946683
2017-03-08,1.9585429
2017-03-07,1.9825483
2017-03-06,1.9891958
2017-03-03,1.9850484
2017-03-02,1.9721087
2017-03-01,1.9822136
2017-02-24,1.9730349
2017-02-23,2.003209
2017-02-22,2.0084135
2017-02-21,2.0146773
2017-02-20,1.9934
2017-02-17,1.9765211
2017-02-16,1.9787066
2017-02-15,1.9771429
2017-02-14,1.9459015
2017-02-13,1.9457956
2017-02-10,1.9284655
2017-02-09,1.9083288
2017-02-08,1.9022668
2017-02-07,1.886591
2017-02-06,1.87761
2017-02-03,1.8867599
2017-02-02,1.8732784
2017-02-01,1.8786183
2017-01-31,1.8777566
2017-01-30,1.8607967
2017-01-27,1.886426
2017-01-26,1.8911747
2017-01-25,1.8781049
2017-01-24,1.8780861
2017-01-23,1.8694194
2017-01-20,1.8535256
2017-01-19,1.8416161
2017-01-18,1.8471832
2017-01-17,1.856933
2017-01-16,1.8374862
2017-01-13,1.8304753
2017-01-12,1.8280514
2017-01-11,1.7964841
2017-01-10,1.7963992
2017-01-09,1.7942985
2017-01-06,1.7922478
2017-01-05,1.7977786
2017-01-04,1.7850629
2017-01-03,1.7684118
2017-01-02,1.7245951
2016-12-30,1.7382979
2016-12-29,1.7383166
2016-12-28,1.7259634
2016-12-27,1.6973907
2016-12-26,1.6956627
2016-12-23,1.6841313
2016-12-22,1.6694504
2016-12-21,1.6723067
2016-12-20,1.6749872
2016-12-19,1.6762424
2016-12-16,1.6968065
2016-12-15,1.6867145
2016-12-14,1.6901751
2016-12-13,1.7067204
2016-12-12,1.6954593
2016-12-09,1.7220216
2016-12-08,1.717192
2016-12-07,1.7172215
2016-12-06,1.7083941
2016-12-05,1.6829512
2016-12-02,1.698978
2016-12-01,1.6865443
2016-11-30,1.773273
2016-11-29,1.7510112
2016-11-28,1.7738411
2016-11-25,1.7700116
2016-11-24,1.7693134
2016-11-23,1.7642981
2016-11-22,1.7721592
2016-11-21,1.7753151
2016-11-18,1.7665362
2016-11-17,1.7680335
2016-11-16,1.7770133
2016-11-14,1.7398428
2016-11-11,1.7433031
2016-11-10,1.7970748
2016-11-09,1.8705092
2016-11-08,1.9040853
2016-11-07,1.9030186
2016-11-04,1.8491778
2016-11-03,1.8504199
2016-11-01,1.877899
2016-10-31,1.9123204
2016-10-28,1.903651
2016-10-27,1.9049897
2016-10-26,1.8961614
2016-10-25,1.8944063
2016-10-24,1.9122178
2016-10-21,1.907051
2016-10-20,1.9034066
2016-10-19,1.8892495
2016-10-18,1.8911386
2016-10-17,1.8811013
2016-10-14,1.8738126
2016-10-13,1.8653233
2016-10-11,1.8591287
2016-10-10,1.8749713
2016-10-07,1.8651233
2016-10-06,1.8571535
2016-10-05,1.8419811
2016-10-04,1.8267008
2016-10-03,1.8339908
2016-09-30,1.8184401
2016-09-29,1.8188346
2016-09-28,1.8349628
2016-09-27,1.8256349
2016-09-26,1.8177904
2016-09-23,1.8313652
2016-09-22,1.8382207
2016-09-21,1.8234428
2016-09-20,1.8119801
2016-09-19,1.8046064
2016-09-16,1.7924044
2016-09-15,1.801844
2016-09-14,1.7803061
2016-09-13,1.7773817
2016-09-12,1.7916368
2016-09-09,1.7942679
2016-09-08,1.8293357
2016-09-06,1.8326787
2016-09-05,1.8183872
2016-09-02,1.820571
2016-09-01,1.7960665
2016-08-31,1.786874
2016-08-30,1.7937068
2016-08-29,1.7904837
2016-08-26,1.7709342
2016-08-25,1.7706657
2016-08-24,1.7739362
2016-08-23,1.7746373
2016-08-22,1.7766514
2016-08-19,1.7989489
2016-08-18,1.7997493
2016-08-17,1.7877593
2016-08-16,1.7781311
2016-08-15,1.7754133
2016-08-12,1.7654701
2016-08-11,1.7652203
2016-08-10,1.7345672
2016-08-09,1.7413519
2016-08-08,1.7320055
2016-08-05,1.7347154
2016-08-04,1.7379508
2016-08-03,1.7181131
2016-08-02,1.6966611
2016-08-01,1.7168328
2016-07-29,1.7238006
2016-07-28,1.7105935
2016-07-27,1.7122302
2016-07-26,1.6991119
2016-07-25,1.7041947
2016-07-22,1.7139378
2016-07-21,1.7038464
2016-07-20,1.6957135
2016-07-19,1.7020064
2016-07-18,1.6908464
2016-07-15,1.6735696
2016-07-14,1.6648776
2016-07-13,1.6402704
2016-07-12,1.630155
2016-07-11,1.617693
2016-07-08,1.5964022
2016-07-07,1.5733302
2016-07-06,1.5709676
2016-07-05,1.5731225
2016-07-04,1.5818094
2016-07-01,1.5709834
2016-06-30,1.5656052
2016-06-29,1.5481072
2016-06-28,1.5238475
2016-06-27,1.5027259
2016-06-24,1.5227116
2016-06-23,1.5512614
2016-06-22,1.5139411
2016-06-21,1.5212409
2016-06-20,1.5067463
2016-06-17,1.4915245
2016-06-16,1.4878948
2016-06-15,1.4802812
2016-06-14,1.4714551
2016-06-13,1.4965285
2016-06-10,1.4923131
2016-06-09,1.5280422
2016-06-08,1.537176
2016-06-07,1.5065601
2016-06-06,1.5057238
2016-06-03,1.5069594
2016-06-02,1.4996142
2016-06-01,1.4861343
2016-05-31,1.4838406
2016-05-30,1.4898153
2016-05-27,1.4925606
2016-05-25,1.499632
2016-05-24,1.5010681
2016-05-23,1.4991049
2016-05-20,1.5083441
2016-05-19,1.5075043
2016-05-18,1.515504
2016-05-17,1.5212552
2016-05-16,1.5459122
2016-05-13,1.5537876
2016-05-12,1.574222
2016-05-11,1.5558066
2016-05-10,1.5592968
2016-05-09,1.5139816
2016-05-06,1.5207983
2016-05-05,1.5237458
2016-05-04,1.5401396
2016-05-03,1.5337549
2016-05-02,1.5497337
2016-04-29,1.5577693
2016-04-28,1.5682574
2016-04-27,1.5814227
2016-04-26,1.5554911
2016-04-25,1.5310267
2016-04-22,1.5423254
2016-04-20,1.5472592
2016-04-19,1.5464848
2016-04-18,1.5310057
2016-04-15,1.5356594
2016-04-14,1.5172237
2016-04-13,1.5178184
2016-04-12,1.4866793
2016-04-11,1.4570606
2016-04-08,1.4705932
2016-04-07,1.4448509
2016-04-06,1.4394277
2016-04-05,1.4615605
2016-04-04,1.4639794
2016-04-01,1.4933765
2016-03-31,1.4785619
2016-03-30,1.5043306
2016-03-29,1.5051763
2016-03-28,1.4982233
2016-03-24,1.4752857
2016-03-23,1.4771729
2016-03-22,1.4976087
2016-03-21,1.5049617
2016-03-18,1.4919213
2016-03-17,1.4979342
2016-03-16,1.4439554
2016-03-15,1.4256986
2016-03-14,1.4529218
2016-03-11,1.4621675
2016-03-10,1.4700358
2016-03-09,1.4507479
2016-03-08,1.4573381
2016-03-07,1.4587154
2016-03-04,1.4605514
2016-03-03,1.4482239
2016-03-02,1.4405296
2016-03-01,1.4452479
2016-02-29,1.4314434
2016-02-26,1.4046962
2016-02-25,1.4042039
2016-02-24,1.3964678
2016-02-23,1.4054311
2016-02-22,1.4160167
2016-02-19,1.3934848
2016-02-18,1.3847751
2016-02-17,1.3813508
2016-02-16,1.3696076
2016-02-15,1.3407813
2016-02-12,1.3345533
2016-02-11,1.3175057
2016-02-10,1.3509177
2016-02-05,1.3669123
2016-02-04,1.3794552
2016-02-03,1.3573717
2016-02-02,1.3394774
2016-02-01,1.3780446
2016-01-29,1.3791293
2016-01-28,1.3256387
2016-01-27,1.3126366
2016-01-26,1.2982097
2016-01-25,1.3124673
2016-01-22,1.3135618
2016-01-21,1.2996795
2016-01-20,1.288863
2016-01-19,1.2988166
2016-01-18,1.2987991
2016-01-15,1.3087937
2016-01-14,1.3288396
2016-01-13,1.3338721
2016-01-12,1.3428453
2016-01-11,1.3471207
2016-01-08,1.3697532
2016-01-07,1.3810773
2016-01-06,1.4059186
2016-01-05,1.4239093
2016-01-04,1.4151799
2015-12-31,1.4654347
2015-12-30,1.4670522
2015-12-29,1.4519284
2015-12-28,1.452331
2015-12-24,1.4534809
2015-12-23,1.4539176
2015-12-22,1.4354681
2015-12-21,1.4315813
2015-12-18,1.4392376
2015-12-17,1.4544677
2015-12-16,1.4478801
2015-12-15,1.4365043
2015-12-14,1.4390541
2015-12-11,1.4604003
2015-12-10,1.4657663
2015-12-09,1.4711017
2015-12-08,1.4548509
2015-12-07,1.4742816
2015-12-04,1.463854
2015-12-03,1.4832432
2015-12-02,1.4616453
2015-12-01,1.4664954
2015-11-30,1.4690197
2015-11-27,1.4857797
2015-11-26,1.5000001
2015-11-25,1.4952574
2015-11-24,1.506996
2015-11-23,1.5114377
2015-11-20,1.5066304
2015-11-19,1.5072243
2015-11-18,1.4965884
2015-11-17,1.4886944
2015-11-16,1.4785563
2015-11-13,1.4825782
2015-11-12,1.4864234
2015-11-11,1.4808422
2015-11-10,1.4669878
2015-11-09,1.4560555
2015-11-06,1.474395
2015-11-05,1.4823308
2015-11-04,1.4787327
2015-11-03,1.4709306
2015-10-30,1.4497438
2015-10-29,1.4499351
2015-10-28,1.4779676
2015-10-27,1.4876696
2015-10-26,1.4855222
2015-10-23,1.4840992
2015-10-22,1.493908
2015-10-21,1.4769219
2015-10-20,1.4732388
2015-10-19,1.4834807
2015-10-16,1.4845827
2015-10-15,1.4694807
2015-10-14,1.4566445
2015-10-13,1.4722313
2015-10-09,1.4781696
2015-10-08,1.4754721
2015-10-07,1.4831709
2015-10-06,1.4612615
2015-10-05,1.4647673
2015-10-02,1.460325
2015-10-01,1.4262998
2015-09-30,1.4192015
2015-09-29,1.4035658
2015-09-28,1.4025594
2015-09-25,1.4144953
2015-09-24,1.4181474
2015-09-23,1.4279496
2015-09-22,1.4367413
2015-09-21,1.4405836
2015-09-18,1.4442424
2015-09-17,1.4648264
2015-09-16,1.4659595
2015-09-15,1.4496317
2015-09-14,1.4493056
2015-09-11,1.4332366
2015-09-10,1.4169178
2015-09-09,1.4143648
2015-09-08,1.418471
2015-09-04,1.4163492
2015-09-03,1.4296999
2015-09-02,1.4145884
2015-09-01,1.3976017
2015-08-31,1.4127004
2015-08-28,1.4280738
2015-08-27,1.4442412
2015-08-26,1.4152458
2015-08-25,1.3859916
2015-08-24,1.3808569
2015-08-21,1.412686
2015-08-20,1.4290464
2015-08-19,1.4310287
2015-08-18,1.4443206
2015-08-17,1.4339808
2015-08-14,1.4349143
2015-08-13,1.4385399
2015-08-12,1.4297379
2015-08-11,1.4395044
2015-08-10,1.445127
2015-08-07,1.4340409
2015-08-06,1.4541509
2015-08-05,1.4640096
2015-08-04,1.4608793
2015-08-03,1.4677545
2015-07-31,1.486487
2015-07-30,1.467739
2015-07-29,1.4707078
2015-07-28,1.4645253
2015-07-27,1.4557347
2015-07-24,1.4624212
2015-07-23,1.4719067
2015-07-22,1.4978926
2015-07-21,1.5014438
2015-07-20,1.5116005
2015-07-17,1.5300677
2015-07-16,1.5477563
2015-07-15,1.5435403
2015-07-14,1.5440766
2015-07-13,1.5385484
2015-07-10,1.5303426
2015-07-09,1.5117341
2015-07-08,1.511497
2015-07-07,1.5156056
2015-07-06,1.5244423
2015-07-03,1.5334676
2015-07-02,1.5366001
2015-07-01,1.5377537
2015-06-30,1.5306425
2015-06-29,1.5217343
2015-06-26,1.5422447
2015-06-25,1.5307243
2015-06-24,1.5406809
2015-06-23,1.5421835
2015-06-22,1.5424518
2015-06-19,1.5365689
2015-06-18,1.5412797
2015-06-17,1.5286572
2015-06-16,1.5327731
2015-06-15,1.5249544
2015-06-12,1.5273775
2015-06-11,1.5295969
2015-06-10,1.5347751
2015-06-09,1.516781
2015-06-08,1.5143199
2015-06-05,1.5126753
2015-06-03,1.5096412
2015-06-02,1.5165523
2015-06-01,1.5003001
2015-05-29,1.4976842
2015-05-28,1.5144291
2015-05-27,1.5184273
2015-05-26,1.5006349
2015-05-25,1.5247833
2015-05-22,1.5270987
2015-05-21,1.5265808
2015-05-20,1.5224924
2015-05-19,1.52886
2015-05-18,1.5301453
2015-05-15,1.5517533
2015-05-14,1.5380911
2015-05-13,1.5235088
2015-05-12,1.5167477
2015-05-11,1.5132282
2015-05-08,1.5235701
2015-05-07,1.5040737
2015-05-06,1.5045824
2015-05-05,1.5244542
2015-05-04,1.5332882
2015-04-30,1.5168404
2015-04-29,1.5088057
2015-04-28,1.503572
2015-04-27,1.5037573
2015-04-24,1.5226374
2015-04-23,1.5211169
2015-04-22,1.5013364
2015-04-20,1.5032096
2015-04-17,1.5047509
2015-04-16,1.5102848
2015-04-15,1.5080571
2015-04-14,1.4984549
2015-04-13,1.5057097
2015-04-10,1.504286
2015-04-09,1.4910051
2015-04-08,1.4925788
2015-04-07,1.4950575
2015-04-06,1.499903
2015-04-02,1.483308
2015-04-01,1.4586053
2015-03-31,1.438499
2015-03-30,1.4320571
2015-03-27,1.4088415
2015-03-26,1.4099858
2015-03-25,1.4283248
2015-03-24,1.4213893
2015-03-23,1.4184561
2015-03-20,1.4184879
2015-03-19,1.4071394
2015-03-18,1.4113594
2015-03-17,1.3854914
2015-03-16,1.3671339
2015-03-13,1.3603682
2015-03-12,1.3708445
2015-03-11,1.3642835
2015-03-10,1.3550921
2015-03-09,1.3693022
2015-03-06,1.3924135
2015-03-05,1.4071591
2015-03-04,1.4076185
2015-03-03,1.4159056
2015-03-02,1.4155858
2015-02-27,1.4213624
2015-02-26,1.4304359
2015-02-25,1.4205215
2015-02-24,1.4155047
2015-02-23,1.4079691
2015-02-20,1.4061177
2015-02-19,1.4028027
2015-02-18,1.3985911
2015-02-13,1.3854601
2015-02-12,1.3640701
2015-02-11,1.3461555
2015-02-10,1.3562859
2015-02-09,1.3598573
2015-02-06,1.3520528
2015-02-05,1.3597372
2015-02-04,1.3555582
2015-02-03,1.3417285
2015-02-02,1.3401693
2015-01-30,1.3338514
2015-01-29,1.3564168
2015-01-28,1.3422429
2015-01-27,1.3608203
2015-01-26,1.3589098
2015-01-23,1.3630981
2015-01-22,1.3718145
2015-01-21,1.3822311
2015-01-20,1.3675503
2015-01-19,1.3634268
2015-01-16,1.3909703
2015-01-15,1.3674392
2015-01-14,1.3601159
2015-01-13,1.3617356
2015-01-12,1.3634228
2015-01-09,1.3882004
2015-01-08,1.4105021
2015-01-07,1.4055547
2015-01-06,1.3872139
2015-01-05,1.3936032
2015-01-02,1.4358548
2014-12-31,1.471001
2014-12-30,1.4710051
2014-12-29,1.4768676
2014-12-26,1.4608704
2014-12-24,1.4659704
2014-12-23,1.4659523
2014-12-22,1.4514455
2014-12-19,1.4482778
2014-12-18,1.4275769
2014-12-17,1.4289461
2014-12-16,1.3860138
2014-12-15,1.3962971
2014-12-12,1.4189008
2014-12-11,1.4619115
2014-12-10,1.454279
2014-12-09,1.4653764
2014-12-08,1.4744526
2014-12-05,1.5042792
2014-12-04,1.490584
2014-12-03,1.5064276
2014-12-02,1.4958727
2014-12-01,1.5025082
2014-11-28,1.5463826
2014-11-27,1.543234
2014-11-26,1.5427095
2014-11-25,1.5425923
2014-11-24,1.5392534
2014-11-21,1.543883
2014-11-20,1.5023951
2014-11-19,1.5023604
2014-11-18,1.4795127
2014-11-17,1.4602918
2014-11-14,1.4685033
2014-11-13,1.469423
2014-11-12,1.488433
2014-11-11,1.4760969
2014-11-10,1.4768689
2014-11-07,1.47774
2014-11-06,1.4688452
2014-11-05,1.4849524
2014-11-04,1.4882819
2014-11-03,1.4783592
2014-10-31,1.4815576
2014-10-30,1.432488
2014-10-29,1.4086872
2014-10-28,1.422698
2014-10-27,1.3867958
2014-10-24,1.3729993
2014-10-23,1.3625032
2014-10-22,1.3862142
2014-10-21,1.3878407
2014-10-20,1.4156318
2014-10-17,1.4336574
2014-10-16,1.4039374
2014-10-15,1.4311211
2014-10-14,1.4612053
2014-10-13,1.4521095
2014-10-10,1.4092137
2014-10-09,1.4476232
2014-10-08,1.446664
2014-10-07,1.453064
2014-10-06,1.4561202
2014-10-03,1.4206835
2014-10-02,1.4039133
2014-10-01,1.3953205
2014-09-30,1.4229543
2014-09-29,1.4313271
2014-09-26,1.470723
2014-09-25,1.4483495
2014-09-24,1.4642395
2014-09-23,1.4550748
2014-09-22,1.4612813
2014-09-19,1.4819764
2014-09-18,1.4975986
2014-09-17,1.5103588
2014-09-16,1.5081521
2014-09-15,1.4891724
2014-09-12,1.4773357
2014-09-11,1.5024833
2014-09-10,1.4927173
2014-09-09,1.4999551
2014-09-08,1.5129484
2014-09-05,1.5428668
2014-09-04,1.5372095
2014-09-03,1.5479129
2014-09-02,1.5538032
2014-09-01,1.5389866
2014-08-29,1.5318372
2014-08-28,1.5080242
2014-08-27,1.5150355
2014-08-26,1.4870056
2014-08-25,1.479225
2014-08-22,1.4586735
2014-08-21,1.4668531
2014-08-20,1.4646781
2014-08-19,1.4590593
2014-08-18,1.4436364
2014-08-15,1.4381348
2014-08-14,1.4155187
2014-08-13,1.4110385
2014-08-12,1.4155333
2014-08-11,1.4106671
2014-08-08,1.3949048
2014-08-07,1.400742
2014-08-06,1.407246
2014-08-05,1.4102822
2014-08-04,1.4150144
2014-08-01,1.4070884
2014-07-31,1.402131
2014-07-30,1.4140493
2014-07-29,1.4173506
2014-07-28,1.4272956
2014-07-25,1.433116
2014-07-24,1.4370606
2014-07-23,1.4268892
2014-07-22,1.430748
2014-07-21,1.4209613
2014-07-18,1.4176388
2014-07-17,1.3937647
2014-07-16,1.3961762
2014-07-15,1.4057709
2014-07-14,1.405995
2014-07-11,1.3943748
2014-07-10,1.3943758
2014-07-09,1.3880212
2014-07-08,1.3879779
2014-07-07,1.3940227
2014-07-04,1.3957462
2014-07-03,1.3880366
2014-07-02,1.3771927
2014-07-01,1.3791546
2014-06-30,1.3879305
2014-06-27,1.3835485
2014-06-26,1.3835601
2014-06-25,1.3851217
2014-06-24,1.3999669
2014-06-23,1.3930283
2014-06-20,1.3980554
2014-06-18,1.4008212
2014-06-17,1.3920552
2014-06-16,1.3934039
2014-06-13,1.3930475
2014-06-12,1.3949523
2014-06-11,1.3961097
2014-06-10,1.390218
2014-06-09,1.3851108
2014-06-06,1.3655913
2014-06-05,1.34094
2014-06-04,1.3474193
2014-06-03,1.3380435
2014-06-02,1.332335
2014-05-30,1.3283563
2014-05-29,1.3280161
2014-05-28,1.3299392
2014-05-27,1.3215673
2014-05-26,1.3326343
2014-05-23,1.3290643
2014-05-22,1.3305278
2014-05-21,1.3198092
2014-05-20,1.3230176
2014-05-19,1.3369055
2014-05-16,1.344806
2014-05-15,1.3334626
2014-05-14,1.3400043
2014-05-13,1.3342705
2014-05-12,1.3273117
2014-05-09,1.3167997
2014-05-08,1.3165178
2014-05-07,1.320203
2014-05-06,1.3117536
2014-05-05,1.3130424
2014-05-02,1.3064187
2014-04-30,1.2852416
2014-04-29,1.2822111
2014-04-28,1.273033
2014-04-25,1.2718117
2014-04-24,1.276591
2014-04-23,1.2787654
2014-04-22,1.28909
2014-04-17,1.2877685
2014-04-16,1.2769066
2014-04-15,1.2627477
2014-04-14,1.2752216
2014-04-11,1.2713266
2014-04-10,1.2545952
2014-04-09,1.2575712
2014-04-08,1.2628379
2014-04-07,1.2733468
2014-04-04,1.2685469
2014-04-03,1.2707777
2014-04-02,1.2752264
2014-04-01,1.2530054
2014-03-31,1.2527073
2014-03-28,1.2399478
2014-03-27,1.2297046
2014-03-26,1.2094354
2014-03-25,1.2145976
2014-03-24,1.214721
2014-03-21,1.2051073
2014-03-20,1.2094068
2014-03-19,1.1987931
2014-03-18,1.1947227
2014-03-17,1.1809518
2014-03-14,1.1763118
2014-03-13,1.1859932
2014-03-12,1.1911071
2014-03-11,1.194689
2014-03-10,1.1878726
2014-03-07,1.2029568
2014-03-06,1.2218787
2014-03-05,1.2137582
2014-02-28,1.2226314
2014-02-27,1.226821
2014-02-26,1.2120281
2014-02-25,1.2020101
2014-02-24,1.2095563
2014-02-21,1.2085725
2014-02-20,1.2029919
2014-02-19,1.1968539
2014-02-18,1.197049
2014-02-17,1.2233493
2014-02-14,1.2275472
2014-02-13,1.2120933
2014-02-12,1.215176
2014-02-11,1.2166277
2014-02-10,1.1976687
2014-02-07,1.2089066
2014-02-06,1.2040128
2014-02-05,1.1828004
2014-02-04,1.1932199
2014-02-03,1.1841995
2014-01-31,1.2115328
2014-01-30,1.209676
2014-01-29,1.2232489
2014-01-28,1.2267978
2014-01-27,1.2257503
2014-01-24,1.2244082
2014-01-23,1.2344797
2014-01-22,1.2447029
2014-01-21,1.2359124
2014-01-20,1.2422356
2014-01-17,1.2503538
2014-01-16,1.2619483
2014-01-15,1.2671135
2014-01-14,1.2580824
2014-01-13,1.251092
2014-01-10,1.2527202
2014-01-09,1.2456587
2014-01-08,1.2643435
2014-01-07,1.2678583
2014-01-06,1.2739214
2014-01-03,1.2787542
2014-01-02,1.2710079
2013-12-31,1.3005884
2013-12-30,1.3005555
2013-12-27,1.285227
2013-12-26,1.2816052
2013-12-24,1.2832143
2013-12-23,1.283171
2013-12-20,1.2789098
2013-12-19,1.2834759
2013-12-18,1.2635016
2013-12-17,1.2560215
2013-12-16,1.2549868
2013-12-13,1.2530472
2013-12-12,1.2550571
2013-12-11,1.2595552
2013-12-10,1.2717321
2013-12-09,1.2752569
2013-12-06,1.2730184
2013-12-05,1.2731546
2013-12-04,1.2662946
2013-12-03,1.2729904
2013-12-02,1.2922926
2013-11-29,1.3044852
2013-11-28,1.2952175
2013-11-27,1.2895667
2013-11-26,1.2823592
2013-11-25,1.2835497
2013-11-22,1.2865309
2013-11-21,1.2842076
2013-11-20,1.2904537
2013-11-19,1.2906175
2013-11-18,1.3054984
2013-11-14,1.3006238
2013-11-13,1.2756633
2013-11-12,1.2657554
2013-11-11,1.2754655
2013-11-08,1.2705466
2013-11-07,1.2773148
2013-11-06,1.2732152
2013-11-05,1.2840212
2013-11-04,1.2878156
2013-11-01,1.2769017
2013-10-31,1.2776135
2013-10-30,1.2673652
2013-10-29,1.2689596
2013-10-28,1.2741464
2013-10-25,1.2600397
2013-10-24,1.2573516
2013-10-23,1.2639773
2013-10-22,1.2718947
2013-10-21,1.2658498
2013-10-18,1.2607165
2013-10-17,1.255842
2013-10-16,1.2582328
2013-10-15,1.2591089
2013-10-14,1.2582607
2013-10-11,1.2511183
2013-10-10,1.247598
2013-10-09,1.2440561
2013-10-08,1.2313059
2013-10-07,1.2311576
2013-10-04,1.2296167
2013-10-03,1.2268789
2013-10-02,1.2386972
2013-10-01,1.2398746
2013-09-30,1.2282488
2013-09-27,1.2363191
2013-09-26,1.2319693
2013-09-25,1.2333164
2013-09-24,1.2322176
2013-09-23,1.2293965
2013-09-20,1.2241849
2013-09-19,1.2368647
2013-09-18,1.2470738
2013-09-17,1.2317369
2013-09-16,1.2363005
2013-09-13,1.238097
2013-09-12,1.2307309
2013-09-11,1.2281083
2013-09-10,1.2304256
2013-09-09,1.2311495
2013-09-06,1.2165656
2013-09-05,1.2069037
2013-09-04,1.1989545
2013-09-03,1.1972139
2013-09-02,1.2110616
2013-08-30,1.1945399
2013-08-29,1.1850378
2013-08-28,1.1744591
2013-08-27,1.1702593
2013-08-26,1.1785304
2013-08-23,1.1894522
2013-08-22,1.1738491
2013-08-21,1.1717612
2013-08-20,1.179193
2013-08-19,1.1914217
2013-08-16,1.1898974
2013-08-15,1.1784604
2013-08-14,1.1829266
2013-08-13,1.1876903
2013-08-12,1.1803585
2013-08-09,1.1779322
2013-08-08,1.1685525
2013-08-07,1.1474172
2013-08-06,1.1505272
2013-08-05,1.1617354
2013-08-02,1.1619192
2013-08-01,1.1658079
2013-07-31,1.1561514
2013-07-30,1.1547587
2013-07-29,1.1544138
2013-07-26,1.15552
2013-07-25,1.1531523
2013-07-24,1.1471909
2013-07-23,1.1516739
2013-07-22,1.1468838
2013-07-19,1.1374804
2013-07-18,1.1418048
2013-07-17,1.1369744
2013-07-16,1.1276279
2013-07-15,1.123343
2013-07-12,1.1108651
2013-07-11,1.1244398
2013-07-10,1.1050649
2013-07-09,1.094595
2013-07-08,1.094595
2013-07-05,1.0891832
2013-07-04,1.0932119
2013-07-03,1.0856759
2013-07-02,1.0919994
2013-07-01,1.1197296
2013-06-28,1.1186633
2013-06-27,1.1112912
2013-06-26,1.0986285
2013-06-25,1.0860738
2013-06-24,1.0709944
2013-06-21,1.0930366
2013-06-20,1.1135176
2013-06-19,1.1240553
2013-06-18,1.1362437
2013-06-17,1.1265447
2013-06-14,1.1180082
2013-06-13,1.1292459
2013-06-12,1.1193332
2013-06-11,1.1367859
2013-06-10,1.1544995
2013-06-07,1.1613203
2013-06-06,1.1751471
2013-06-05,1.1790788
2013-06-04,1.19427
2013-06-03,1.1979042
2013-05-31,1.207854
2013-05-29,1.2147423
2013-05-28,1.2293875
2013-05-27,1.226619
2013-05-24,1.224689
2013-05-23,1.2229558
2013-05-22,1.2286815
2013-05-21,1.2163632
2013-05-20,1.2050901
2013-05-17,1.1973659
2013-05-16,1.191559
2013-05-15,1.190988
2013-05-14,1.1839387
2013-05-13,1.1802446
2013-05-10,1.190502
2013-05-09,1.1935483
2013-05-08,1.1953041
2013-05-07,1.1929977
2013-05-06,1.1838266
2013-05-03,1.1844346
2013-05-02,1.1776169
2013-04-30,1.1808691
2013-04-29,1.1639802
2013-04-26,1.1608538
2013-04-25,1.1746033
2013-04-24,1.1729815
2013-04-23,1.1697388
2013-04-22,1.1604407
2013-04-19,1.1460098
2013-04-18,1.1400949
2013-04-17,1.1422947
2013-04-16,1.1509547
2013-04-15,1.1382712
2013-04-12,1.1572641
2013-04-11,1.1615812
2013-04-10,1.1604374
2013-04-09,1.1447824
2013-04-08,1.1394417
2013-04-05,1.1352854
2013-04-04,1.1275972
2013-04-03,1.1407183
2013-04-02,1.136881
2013-04-01,1.1406448
2013-03-28,1.1453312
2013-03-27,1.1363229
2013-03-26,1.1300347
2013-03-25,1.1234487
2013-03-22,1.1223242
2013-03-21,1.1250301
2013-03-20,1.1286453
2013-03-19,1.1261698
2013-03-18,1.1343156
2013-03-15,1.1375996
2013-03-14,1.1435419
2013-03-13,1.1399197
2013-03-12,1.1432529
2013-03-11,1.1464196
2013-03-08,1.1425735
2013-03-07,1.1411187
2013-03-06,1.1434211
2013-03-05,1.1304715
2013-03-04,1.1300573
2013-03-01,1.1285955
2013-02-28,1.1323872
2013-02-27,1.1253091
2013-02-26,1.1207163
2013-02-25,1.1099591
2013-02-22,1.1022218
2013-02-21,1.0901897
2013-02-20,1.0871911
2013-02-19,1.0964692
2013-02-18,1.0917215
2013-02-15,1.092928
2013-02-14,1.094863
2013-02-13,1.0953815
2013-02-08,1.0940892
2013-02-07,1.0787612
2013-02-06,1.0772138
2013-02-05,1.0793311
2013-02-04,1.0735734
2013-02-01,1.0759457
2013-01-31,1.0708388
2013-01-30,1.0633128
2013-01-29,1.062317
2013-01-28,1.0527278
2013-01-25,1.0577937
2013-01-24,1.0577937
2013-01-23,1.0583111
2013-01-22,1.0594572
2013-01-21,1.0592921
2013-01-18,1.0475904
2013-01-17,1.0444892
2013-01-16,1.0326534
2013-01-15,1.0302799
2013-01-14,1.0320162
2013-01-11,1.0357057
2013-01-10,1.0335788
2013-01-09,1.0266422
2013-01-08,1.0109112
2013-01-07,1.0270496
2013-01-04,1.03686
2013-01-03,1.0075393
2013-01-02,1.0128940
