"","date","ABCB4","AGRO3","BBDC3","BRSR6","EUCA4","HBSA3","MATD3","NEXA","OPCT3","PETR4","PSSA3","TUPY3"
"2021-01-04","2021-01-04",13.125877,19.258991,17.037064,11.345987,6.417239,6.61,NA,8.896505,NA,11.470778,19.892534,20.639683
"2021-01-05","2021-01-05",12.939525,19.798241,16.955616,11.166016,6.301762,6.66,NA,8.506148,NA,11.919137,19.717676,21.431723
"2021-01-06","2021-01-06",13.085366,20.044756,17.381853,11.377287,6.367748,6.48,NA,8.7331,NA,11.942942,19.342972,21.217407
"2021-01-07","2021-01-07",13.522293,20.414528,17.808096,11.424236,6.479028,6.2,NA,8.369978,NA,12.300039,19.784288,21.282633
"2021-01-08","2021-01-08",13.505641,19.952312,17.670832,11.119067,6.32618,6.37,NA,8.11579,NA,12.347652,21.149868,21.981495
"2021-01-11","2021-01-11",13.214213,20.414528,17.40353,11.142542,6.32618,6.31,NA,7.970542,NA,12.244492,20.604475,21.441042
"2021-01-12","2021-01-12",13.53062,20.961483,17.410753,11.400762,6.360146,6.45,NA,8.578773,NA,12.153232,20.562838,21.375816
"2021-01-13","2021-01-13",13.280825,20.915262,17.085659,11.306865,6.309197,6.75,NA,8.233806,NA,11.566005,20.454592,21.15218
"2021-01-14","2021-01-14",13.755439,21.523848,17.627485,11.525959,6.300706,6.85,NA,8.388133,NA,11.685037,20.696064,21.189451
"2021-01-15","2021-01-15",13.355764,20.799709,16.977287,11.244266,6.309197,6.8,NA,7.952386,NA,11.157326,20.633614,21.366497
"2021-01-18","2021-01-18",13.464009,20.792006,17.049524,11.095594,6.394113,7.01,NA,NA,NA,11.137486,20.812639,21.226725
"2021-01-19","2021-01-19",13.239192,20.191124,16.731659,10.884322,6.377129,7.31,NA,8.415367,NA,11.383489,20.696064,20.751501
"2021-01-20","2021-01-20",13.09764,20.522379,16.399336,10.806075,6.351655,7.36,NA,8.497069,NA,11.193036,20.750187,20.304228
"2021-01-21","2021-01-21",12.864497,20.345198,16.103142,10.751302,6.26674,7.43,NA,8.224729,NA,10.931163,20.82929,19.838324
"2021-01-22","2021-01-22",12.889477,20.32979,15.83584,10.579156,6.173333,7.25,NA,8.079478,NA,10.748648,20.554508,19.773094
"2021-01-25","2021-01-25",NA,NA,NA,NA,NA,NA,NA,7.916075,NA,NA,NA,NA
"2021-01-26","2021-01-26",12.731274,20.491566,15.496292,10.430483,5.961045,6.96,NA,7.988699,NA,10.712939,20.300549,19.810366
"2021-01-27","2021-01-27",12.598049,19.944609,15.626331,10.305288,6.113892,6.94,NA,7.339616,NA,10.871649,20.013273,19.838324
"2021-01-28","2021-01-28",12.906129,20.152605,16.110369,10.586979,6.15635,6.97,NA,7.425858,NA,11.014488,20.833456,20.378775
"2021-01-29","2021-01-29",12.581396,19.859871,15.633561,10.54003,6.003503,6.7,NA,7.834371,NA,10.589939,20.059067,19.689232
"2021-02-01","2021-02-01",13.006048,20.414528,15.965877,10.563506,6.181825,6.79,NA,9.177924,NA,10.923228,20.300549,20.872633
"2021-02-02","2021-02-02",13.230865,19.859871,15.934964,10.579156,6.275231,6.77,NA,9.159769,NA,11.371585,20.521202,21.142864
"2021-02-03","2021-02-03",13.239192,19.220472,16.03619,10.641753,6.26674,6.72,NA,9.041755,NA,11.482682,20.754349,21.180134
"2021-02-04","2021-02-04",13.17258,18.48863,16.527824,10.680879,6.360146,6.66,NA,8.64232,NA,11.435067,20.616962,20.872633
"2021-02-05","2021-02-05",13.139273,18.319151,16.419378,10.563506,6.835671,6.64,NA,8.35182,NA,11.443004,21.353876,20.574455
"2021-02-08","2021-02-08",12.83952,18.48863,16.122948,10.493083,6.597909,6.5,NA,9.677218,NA,11.153358,20.758514,20.406729
"2021-02-09","2021-02-09",13.072662,18.450113,16.274778,10.688704,6.453553,6.4,NA,9.123456,NA,10.927197,20.583654,20.211046
"2021-02-10","2021-02-10",12.706294,17.795307,16.115721,10.500906,6.368638,6.32,NA,9.141613,NA,11.030359,20.462917,19.773094
"2021-02-11","2021-02-11",12.76458,17.818419,16.159094,10.485256,6.164842,6.44,NA,9.105301,NA,11.141455,20.250584,19.810366
"2021-02-12","2021-02-12",12.95609,17.718271,16.19525,10.352236,6.351655,6.48,NA,9.413955,11.15,11.284295,20.054907,20.015368
"2021-02-16","2021-02-16",NA,NA,NA,NA,NA,NA,NA,9.477501,NA,NA,NA,NA
"2021-02-17","2021-02-17",12.872826,17.487162,16.028955,10.344409,6.512994,6.52,NA,8.814802,11.14,11.740586,19.905027,20.043324
"2021-02-18","2021-02-18",12.706294,17.333092,15.811604,10.313112,6.512994,6.6,NA,8.64232,11.14,11.613618,19.863392,20.285593
"2021-02-19","2021-02-19",12.806211,17.448645,15.753702,10.328761,6.54696,6.7,NA,8.82388,11.15,10.843874,20.038252,19.829006
"2021-02-22","2021-02-22",12.47315,17.525681,14.856388,9.773198,6.181825,6.85,NA,9.450267,10.85,8.598125,19.534487,19.009008
"2021-02-23","2021-02-23",12.939439,17.641233,15.536618,10.234863,6.377129,6.8,NA,9.368565,11.14,9.546418,19.41375,19.204689
"2021-02-24","2021-02-24",13.280825,17.880047,15.435307,10.313112,6.300706,6.86,NA,9.831546,11.08,9.681322,19.255541,20.257639
"2021-02-25","2021-02-25",13.305804,17.425535,15.037304,10.039243,6.088418,6.55,NA,9.05991,11.14,9.201222,18.568586,19.288551
"2021-02-26","2021-02-26",12.789559,16.955616,14.899807,9.890571,6.088418,6.44,NA,8.596929,10.97,8.824286,18.14809,19.801048
"2021-03-01","2021-03-01",12.947764,17.394718,14.414969,9.374133,5.98652,6.25,NA,8.624164,10.9,8.72906,17.944082,19.51219
"2021-03-02","2021-03-02",13.122621,17.610422,14.666471,9.468033,5.978028,6.1,NA,8.77849,10.88,8.725093,18.189718,20.220367
"2021-03-03","2021-03-03",13.039355,17.664347,14.963418,9.53063,6.105402,6.13,NA,8.515226,10.74,8.407672,18.143923,20.975134
"2021-03-04","2021-03-04",13.039355,17.602716,15.463167,9.914046,6.096909,6.19,NA,8.170259,10.7,8.81635,18.102293,21.515591
"2021-03-05","2021-03-05",13.314131,17.987898,16.31056,10.250513,6.241265,5.96,NA,8.424445,10.48,8.883801,18.139761,19.903551
"2021-03-08","2021-03-08",12.598049,17.718271,15.680448,9.59556,6.275231,5.39,NA,9.795234,10.1,8.371963,17.881632,18.850597
"2021-03-09","2021-03-09",12.423192,17.302277,15.702174,9.484078,6.011994,5.36,NA,9.731688,9.84,8.566383,17.735914,18.077192
"2021-03-10","2021-03-10",12.389884,17.171316,15.941185,9.802605,6.173333,5.25,NA,9.622751,9.9,8.863964,18.048168,18.142418
"2021-03-11","2021-03-11",12.606376,17.078871,16.259859,9.754825,6.224282,5.35,NA,10.33403,10.4,9.240902,18.456175,18.5431
"2021-03-12","2021-03-12",12.47315,17.063465,16.028095,9.64334,6.351655,5.38,NA,10.008183,10.26,9.193289,18.356258,18.776054
"2021-03-15","2021-03-15",12.731274,17.710567,16.187437,9.587597,6.368638,5.67,NA,10.073352,10.45,9.38374,18.693487,19.288551
"2021-03-16","2021-03-16",12.498131,17.67205,15.897729,9.531857,6.385621,5.68,NA,10.222309,10.44,9.236933,18.693487,19.214006
"2021-03-17","2021-03-17",12.68964,17.918564,16.462666,9.699084,6.249757,5.61,NA,10.24093,10.32,9.554353,19.542812,19.158096
"2021-03-18","2021-03-18",12.639681,17.440941,16.766857,9.715012,6.198808,5.76,NA,9.747504,9.44,9.221062,19.122314,18.720146
"2021-03-19","2021-03-19",12.62303,17.602716,16.875494,9.738898,6.292214,5.84,NA,9.421656,9,9.522612,20.300549,19.51219
"2021-03-22","2021-03-22",12.589723,17.67205,16.803066,9.547782,6.419587,5.79,NA,9.831293,8.91,9.33216,20.013273,19.95014
"2021-03-23","2021-03-23",12.423192,17.225241,16.636488,9.555746,6.394113,5.71,NA,9.579925,9.16,9.04648,19.459545,19.54014
"2021-03-24","2021-03-24",12.240009,17.186722,16.375742,9.372596,6.394113,5.72,NA,9.375106,9.18,9.054417,19.147295,18.766735
"2021-03-25","2021-03-25",12.048499,16.793839,16.708912,9.778714,6.759248,5.93,NA,9.421656,9.25,9.205192,19.363787,19.10219
"2021-03-26","2021-03-26",12.181723,16.878578,16.846519,9.754825,6.49601,5.94,NA,9.449585,9.57,9.308352,19.584448,18.981052
"2021-03-29","2021-03-29",12.148417,16.739914,16.969648,9.651303,6.742264,5.79,NA,9.579925,9.55,9.455158,19.492855,18.776054
"2021-03-30","2021-03-30",12.356579,17.071169,17.367992,9.746861,7.956552,5.92,NA,9.710264,9.48,9.455158,19.605265,18.813326
"2021-03-31","2021-03-31",12.073477,17.502571,17.027596,9.587597,7.642366,5.96,NA,9.542685,8.9,9.562288,19.559465,19.428324
"2021-04-01","2021-04-01",11.873197,17.664347,16.440928,9.563711,7.761248,6.03,NA,9.728884,8.78,9.478966,19.323584,19.10219
"2021-04-05","2021-04-05",12.160521,17.887749,16.657207,9.59556,7.608399,6.09,NA,9.775434,8.25,9.538484,20.151918,19.241959
"2021-04-06","2021-04-06",12.152069,18.388483,16.323477,9.627414,7.897111,6.11,NA,9.775434,7.75,9.530546,20.984573,20.155136
"2021-04-07","2021-04-07",12.084463,18.265224,16.214657,9.531857,7.752755,6.08,NA,9.719573,7.55,9.522612,20.63512,20.015368
"2021-04-08","2021-04-08",12.04221,18.604183,16.192884,9.579637,7.752755,6.09,NA,9.738194,7.14,9.403579,20.341747,20.117867
"2021-04-09","2021-04-09",12.152069,19.220472,16.076813,9.611488,8.143366,6.13,NA,9.756813,8.07,9.38374,20.553146,20.565138
"2021-04-12","2021-04-12",12.245026,19.682686,16.417791,9.627414,8.457551,6.11,NA,9.300627,8.8,9.478966,20.471176,22.242403
"2021-04-13","2021-04-13",12.143619,19.451582,16.33073,9.523894,9.162347,6.13,NA,9.477515,8.48,9.510709,20.238207,21.841722
"2021-04-14","2021-04-14",12.219674,19.798241,16.48308,9.476114,8.907601,6.1,NA,9.980252,8.53,9.661483,20.022491,23.276716
"2021-04-15","2021-04-15",12.194323,20.414528,16.54113,9.460191,8.771737,6.08,NA,10.091971,8.53,9.469884,19.957779,22.568537
"2021-04-16","2021-04-16",12.481645,21.485329,16.773277,9.46815,8.483026,6.08,NA,10.613327,8.65,9.412468,20.186432,22.60581
"2021-04-19","2021-04-19",12.354885,22.879681,16.567247,9.882235,8.644364,6.3,NA,10.045422,8.99,9.957939,20.773176,22.083996
"2021-04-20","2021-04-20",12.430942,22.995235,16.319843,10.17687,8.695313,6.5,NA,9.403036,8.79,9.769279,20.622173,21.953539
"2021-04-21","2021-04-21",NA,NA,NA,NA,NA,NA,NA,9.710264,NA,NA,NA,NA
"2021-04-22","2021-04-22",12.202772,23.3496,16.184185,10.137055,9.170838,6.53,NA,9.496135,8.65,9.724164,20.289976,21.729906
"2021-04-23","2021-04-23",12.211224,23.341894,16.495419,10.041496,9.875635,6.56,NA,9.365796,8.49,9.715962,20.859459,21.953539
"2021-04-26","2021-04-26",12.430942,22.687092,16.495419,9.977792,10.35116,6.63,NA,9.719573,8.17,9.752874,20.781799,21.897629
"2021-04-27","2021-04-27",12.380236,22.74872,16.359753,9.786677,9.943566,6.67,NA,9.607854,7.89,9.473986,20.505688,21.981495
"2021-04-28","2021-04-28",12.506998,23.65004,17.141832,9.834458,9.603906,6.56,NA,9.747504,7.87,9.818494,20.747288,21.897629
"2021-04-29","2021-04-29",12.625305,25.052095,16.559261,9.754825,10.274736,6.64,NA,9.766123,7.89,9.687253,20.699831,22.354218
"2021-04-30","2021-04-30",12.506998,26.538889,16.495419,9.754825,10.317194,6.76,NA,9.626474,7.99,9.687253,21.299513,21.823088
"2021-05-03","2021-05-03",12.633757,26.847031,16.974237,9.759588,10.155854,6.75,NA,9.421656,7.99,9.609328,21.476398,22.037405
"2021-05-04","2021-05-04",12.490095,26.384817,16.452898,9.751586,10.062448,6.79,NA,9.235457,7.85,9.387857,21.571314,21.897629
"2021-05-05","2021-05-05",12.506998,27.833096,16.564718,9.871581,9.603906,6.75,NA,9.337867,7.78,9.773379,22.218452,21.925587
"2021-05-06","2021-05-06",12.532349,27.093546,16.612631,9.903582,9.357653,6.7,NA,9.365796,7.7,9.638038,22.55065,22.31695
"2021-05-07","2021-05-07",12.506998,26.885551,16.764383,9.879583,9.162347,6.83,NA,9.654404,8.1,9.99895,22.736162,22.801489
"2021-05-10","2021-05-10",12.523898,26.192226,17.147758,9.927579,9.315195,6.85,NA,9.868533,8.12,10.130193,22.800879,24.059441
"2021-05-11","2021-05-11",12.777418,25.676088,17.115805,9.935578,9.806244,6.91,NA,9.989562,7.89,10.314751,23.288387,23.826485
"2021-05-12","2021-05-12",12.887278,25.360237,16.748415,9.807585,10.366968,6.8,NA,10.129211,7.59,10.163003,22.921677,23.05308
"2021-05-13","2021-05-13",13.394318,25.206167,17.259567,9.991576,10.094615,6.74,15.512105,10.054732,7.41,10.249131,23.146019,23.574896
"2021-05-14","2021-05-14",13.521077,25.044388,17.371382,10.11957,9.347842,6.76,16.309868,10.287479,7.9,10.786398,22.969135,23.211489
"2021-05-17","2021-05-17",13.605585,24.867207,17.395346,10.143571,9.15456,6.62,15.955308,10.827456,7.9,10.934048,22.83539,23.798531
"2021-05-18","2021-05-18",14.256289,24.80558,17.579048,10.35956,9.593838,6.64,15.758328,10.920555,7.85,10.806907,22.227083,23.938305
"2021-05-19","2021-05-19",14.078822,24.343365,17.674885,10.495556,10.094615,6.6,15.610595,10.194381,7.88,10.724879,22.326311,23.593533
"2021-05-20","2021-05-20",14.04502,24.335659,17.874556,10.543552,10.279111,6.69,15.620442,10.175761,7.65,10.634651,22.252968,24.646482
"2021-05-21","2021-05-21",13.909808,23.626928,17.922483,10.511553,10.059472,6.74,15.64999,10.101282,8.07,10.642855,21.894884,24.534664
"2021-05-24","2021-05-24",13.732346,23.465153,17.986378,10.535553,9.822263,6.7,15.93561,9.970942,7.88,10.823311,21.97254,24.460119
"2021-05-25","2021-05-25",13.368964,23.334192,17.810665,10.687546,9.602623,6.66,15.502255,9.505445,7.72,10.597741,22.179623,23.817169
"2021-05-26","2021-05-26",13.825302,23.69626,18.233969,10.759543,9.585052,6.65,15.324975,9.626474,7.83,10.700273,22.170996,23.062399
"2021-05-27","2021-05-27",14.129526,24.158478,18.289875,10.511553,9.382984,6.69,15.246182,9.663714,7.87,10.62645,22.563591,22.959898
"2021-05-28","2021-05-28",14.30699,24.266327,18.257925,10.719545,9.347842,6.8,15.807573,9.952322,7.95,11.069388,22.844019,22.931944
"2021-05-31","2021-05-31",14.577413,24.998171,18.257925,10.903537,9.224844,6.87,16.132587,NA,7.95,11.020173,22.930307,22.922626
"2021-06-01","2021-06-01",14.611215,25.575939,18.585382,11.119527,9.690479,6.56,15.817422,10.25955,8.37,11.192427,23.331532,23.090355
"2021-06-02","2021-06-02",14.492903,26.015045,19.142681,11.886682,10.375753,6.48,15.758328,10.24093,8.25,11.430303,22.77499,23.640123
"2021-06-03","2021-06-03",NA,NA,NA,NA,NA,NA,NA,10.343339,NA,NA,NA,NA
"2021-06-04","2021-06-04",14.653468,25.845564,19.246582,11.780932,9.997973,6.52,15.807573,10.883316,8.28,11.688683,23.193476,23.602852
"2021-06-07","2021-06-07",14.645017,26.045858,19.510351,11.822327,9.822263,6.37,15.5515,10.780907,8.05,11.602558,23.603331,23.05308
"2021-06-08","2021-06-08",14.518258,25.483496,19.430422,11.747815,9.523553,6.29,15.46286,10.538848,8.28,11.754303,23.594702,23.034443
"2021-06-09","2021-06-09",14.814033,24.959652,19.15867,11.648468,10.059472,6.11,15.196939,9.756813,8.36,11.754303,23.327219,23.323307
"2021-06-10","2021-06-10",14.822482,25.075205,19.302538,11.739537,9.910118,6.25,15.226485,9.812674,8.3,11.762507,23.426445,23.062399
"2021-06-11","2021-06-11",14.66192,24.559063,19.054766,11.540841,9.839833,6.08,15.226485,9.747504,8.23,11.717393,23.404873,22.596491
"2021-06-14","2021-06-14",14.949243,24.404993,19.062752,11.648468,9.699265,6.15,15.019657,9.654404,8.55,11.791215,23.689617,22.643082
"2021-06-15","2021-06-15",14.966141,25.34483,19.030787,11.780932,9.655336,5.99,14.99011,9.105118,8.36,11.906053,23.581757,22.89467
"2021-06-16","2021-06-16",14.797129,24.474325,19.070744,11.797488,9.356627,6.05,15.127995,8.071715,8.34,11.951166,23.831987,22.102631
"2021-06-17","2021-06-17",15.05065,23.719374,18.966845,11.731257,9.119417,6.09,15.5515,7.922757,8.09,11.536936,23.87944,21.75786
"2021-06-18","2021-06-18",14.923888,24.104553,18.695089,11.863722,9.224844,6.18,15.620442,8.108954,8.41,11.614861,23.573132,21.897629
"2021-06-21","2021-06-21",14.983044,23.719374,18.687094,11.731257,9.207272,6.26,16.0341,7.894826,8.6,11.873241,23.728445,22.065359
"2021-06-22","2021-06-22",14.78868,23.742483,18.463289,11.598796,9.347842,6.18,15.945459,8.025166,8.9,11.934761,23.607645,22.028082
"2021-06-23","2021-06-23",14.611215,23.611523,18.431326,11.499446,9.180916,6.25,16.053797,8.202055,9.04,12.016787,23.443705,22.037405
"2021-06-24","2021-06-24",14.602766,23.365007,18.431326,11.458053,9.224844,6.22,16.290173,8.481352,9.06,12.160331,23.210732,22.139902
"2021-06-25","2021-06-25",14.357696,22.794941,17.959749,11.226242,8.741638,6.05,16.250776,8.416183,8.88,11.934761,22.438478,21.85104
"2021-06-28","2021-06-28",13.884458,22.956717,17.82387,11.077221,8.952491,6.08,16.605341,8.146194,8.98,11.914255,22.900106,22.214447
"2021-06-29","2021-06-29",13.588683,22.602352,17.672014,10.977875,8.847064,6.27,16.250776,7.913446,9.02,11.96757,22.89579,21.972176
"2021-06-30","2021-06-30",13.419671,23.110788,17.472195,10.977875,8.697709,6.43,16.526546,8.164815,8.94,12.070104,23.068363,22.121265
"2021-07-01","2021-07-01",13.041783,22.779531,17.296352,10.770902,9.110631,6.46,16.004553,8.285843,8.68,11.918356,23.387617,21.478313
"2021-07-02","2021-07-02",13.281711,23.126196,17.582117,10.837132,9.101846,6.54,16.152287,8.304463,8.88,11.96757,23.236616,21.534224
"2021-07-05","2021-07-05",13.341692,23.958181,17.369406,10.770902,9.259986,6.51,15.827271,NA,8.75,11.832229,23.279762,21.646042
"2021-07-06","2021-07-06",12.99894,23.18012,17.099419,10.597043,8.803137,6.38,16.349266,8.071715,8.75,11.348277,22.89579,21.208086
"2021-07-07","2021-07-07",13.058921,23.418932,17.230318,10.6136,8.987633,6.37,17.383406,8.369633,8.81,11.504126,23.193476,21.739222
"2021-07-08","2021-07-08",12.938958,22.918198,16.984873,10.448023,8.715281,6.28,17.728121,8.043785,8.61,11.274452,22.658504,21.599449
"2021-07-09","2021-07-09",NA,NA,NA,NA,NA,NA,NA,7.959996,NA,NA,NA,NA
"2021-07-12","2021-07-12",13.06749,22.10932,17.344862,10.746064,8.917348,6.29,18.565283,7.950686,8.66,11.372884,22.925991,21.972176
"2021-07-13","2021-07-13",13.084628,22.101616,17.402126,10.688112,8.697709,6.33,18.516035,7.811038,8.38,11.442605,22.947563,21.785812
"2021-07-14","2021-07-14",13.093196,22.332726,17.623034,10.638437,8.724067,6.46,18.516035,7.717937,8.3,11.348277,22.865591,21.599449
"2021-07-15","2021-07-15",13.238867,22.039989,17.541214,10.563929,8.434143,6.25,18.545582,7.708627,8.16,11.106299,22.701649,21.189451
"2021-07-16","2021-07-16",12.981801,22.178654,17.238503,10.431463,8.47807,6.3,18.604675,7.39209,8.21,10.942249,22.395338,21.366497
"2021-07-19","2021-07-19",12.844699,21.839695,17.001236,10.340396,8.170576,6.16,18.49634,7.140721,7.86,10.761793,22.59379,21.096272
"2021-07-20","2021-07-20",12.938958,21.916731,17.181229,10.356953,8.346288,6.13,18.269812,7.261751,7.76,10.905336,22.878532,21.217407
"2021-07-21","2021-07-21",12.85327,22.155542,17.263048,10.406629,8.486856,6.09,18.220568,7.550358,7.42,11.057085,22.304735,21.273315
"2021-07-22","2021-07-22",12.656186,21.947544,17.091236,10.24105,8.724067,5.98,18.791807,7.32692,7.36,11.032476,22.136482,21.30127
"2021-07-23","2021-07-23",12.604773,21.793474,16.927601,10.116864,8.697709,5.84,18.86075,7.243131,7.2,10.966855,22.291796,20.984455
"2021-07-26","2021-07-26",12.510516,21.785769,17.050327,10.174817,8.653782,5.6,18.831203,7.745867,5.24,11.266251,22.261595,20.863317
"2021-07-27","2021-07-27",12.759011,22.224876,17.091236,10.207933,8.715281,5.53,18.220568,7.624837,4.65,11.135009,22.101967,20.947182
"2021-07-28","2021-07-28",13.161747,22.340429,17.418497,10.299002,8.355073,5.52,18.151627,8.053095,4.9,11.364681,22.321997,20.77014
"2021-07-29","2021-07-29",13.213161,22.402056,17.328499,10.282443,8.346288,5.55,18.57513,8.053095,4.6,11.405694,22.447109,20.742184
"2021-07-30","2021-07-30",12.76758,22.255688,16.89488,10.216213,8.100291,5.53,18.309208,7.866896,4.59,11.036576,22.587685,20.406729
"2021-08-02","2021-08-02",12.896113,22.294207,17.033962,10.340396,8.170576,5.48,18.240267,7.764488,4.51,10.831513,23.628307,20.294912
"2021-08-03","2021-08-03",12.801855,22.448278,17.146349,10.191376,8.223289,5.3,18.200869,8.071715,4.21,11.01197,23.558352,20.481272
"2021-08-04","2021-08-04",12.596204,22.009172,16.540411,10.050633,8.135433,5.2,17.836458,7.820346,4.07,10.778196,23.365965,20.397411
"2021-08-05","2021-08-05",12.484808,22.170952,16.262007,9.934728,8.214504,5.19,17.462198,7.820346,4.35,11.627163,23.17358,20.313545
"2021-08-06","2021-08-06",12.724736,22.271095,16.605919,10.075471,8.00365,5.17,16.950052,7.857586,4.53,11.643571,23.164835,19.707867
"2021-08-09","2021-08-09",12.553359,21.847399,16.589539,10.24105,8.109076,5.07,17.215973,7.45726,4.4,11.561545,23.370338,20.816725
"2021-08-10","2021-08-10",12.810424,21.986065,16.302954,10.092029,8.767995,4.94,17.087936,7.447949,4.5,11.598455,23.15172,21.245359
"2021-08-11","2021-08-11",13.3674,22.009172,16.409399,10.207933,8.530784,4.71,16.969749,7.475879,4.33,11.758406,24.12676,21.310591
"2021-08-12","2021-08-12",13.315986,21.762659,16.245628,10.067192,9.268772,4.66,17.747818,7.177961,4.18,11.934761,24.29291,20.844681
"2021-08-13","2021-08-13",13.136041,21.154074,16.352081,10.067192,9.505981,4.49,19.028181,7.205891,4.05,12.037293,24.419708,20.788774
"2021-08-16","2021-08-16",12.878975,20.067867,16.188307,10.034075,8.803137,4.12,19.560026,7.075552,4,11.746101,24.856945,20.006048
"2021-08-17","2021-08-17",12.501947,19.705799,16.180126,9.959564,8.776779,4.29,19.294104,6.842803,3.94,11.746062,24.113642,19.74514
"2021-08-18","2021-08-18",12.724736,19.72891,15.959042,9.918168,8.530784,4.36,19.865343,6.321447,3.9,11.641769,25.158642,19.717188
"2021-08-19","2021-08-19",12.878975,20.229643,16.065487,10.034075,8.425358,4.46,20.653257,6.246968,3.79,11.576586,25.556524,20.061958
"2021-08-20","2021-08-20",12.938958,20.260456,15.999983,10.017516,8.785565,4.77,20.869936,6.246968,4.1,11.559204,25.595877,19.673943
"2021-08-23","2021-08-23",13.14461,20.483864,16.024548,9.893332,8.890992,4.59,20.73205,6.451786,4.01,11.741719,25.47345,20.077175
"2021-08-24","2021-08-24",13.795842,20.799709,16.499468,10.199654,8.890992,4.73,20.879787,7.829657,4.16,11.985068,25.420982,21.061808
"2021-08-25","2021-08-25",13.701585,20.676451,16.45034,10.166538,8.776779,4.71,21.175255,7.33623,4.42,12.050252,25.128033,20.977413
"2021-08-26","2021-08-26",13.658739,20.784304,16.12281,10.075471,8.293573,4.69,20.978273,7.205891,4.81,11.945958,25.075567,20.442896
"2021-08-27","2021-08-27",14.284266,20.722672,16.327515,10.23277,8.785565,4.74,21.224497,7.568978,4.91,12.380515,25.3554,20.630444
"2021-08-30","2021-08-30",14.24999,21.554663,16.188307,10.133423,8.732852,4.7,20.879787,7.606218,5.16,12.297949,25.28544,20.921148
"2021-08-31","2021-08-31",14.335679,21.493032,16.327515,10.332118,8.697709,4.44,20.83054,7.745867,4.95,11.815592,24.996859,20.893013
"2021-09-01","2021-09-01",15.235408,23.26486,16.343893,10.365233,8.820707,4.65,20.978273,7.876207,4.87,11.750409,24.721403,20.283476
"2021-09-02","2021-09-02",14.798397,22.602352,15.72698,10.166538,8.847064,4.57,20.416883,7.904136,5.05,11.559204,24.301655,19.636435
"2021-09-03","2021-09-03",14.832672,21.670214,15.72698,9.984402,8.785565,4.58,19.99338,7.606218,4.87,11.441874,23.820692,19.570791
"2021-09-06","2021-09-06",15.081168,21.577772,15.882695,10.100306,8.926134,4.7,20.141115,NA,4.73,11.498365,23.930004,19.373863
"2021-09-07","2021-09-07",NA,NA,NA,NA,NA,NA,NA,8.341703,NA,NA,NA,NA
"2021-09-08","2021-09-08",14.32711,20.907558,14.874659,9.745018,8.355073,4.5,19.500931,7.764488,4.36,10.850877,23.003059,18.745573
"2021-09-09","2021-09-09",14.121459,21.462219,14.989395,9.778854,8.249646,4.25,19.343348,7.727248,4.38,11.081191,23.17358,18.942503
"2021-09-10","2021-09-10",13.66731,21.955248,14.833681,9.922662,7.994865,4.28,18.732714,7.46657,4.38,11.011662,23.304752,18.670553
"2021-09-13","2021-09-13",13.718722,22.417465,15.079545,10.244111,8.30236,4.38,18.476641,7.513119,4.31,11.398417,23.156094,18.736195
"2021-09-14","2021-09-14",13.478794,22.402056,14.973008,10.117225,8.381429,4.28,18.713017,7.31761,4.19,11.246322,22.915611,18.64242
"2021-09-15","2021-09-15",13.22173,22.463684,14.858265,10.083387,8.697709,4.29,18.713017,7.503809,4.25,11.441874,22.48712,18.736195
"2021-09-16","2021-09-16",13.307418,22.540722,14.579625,10.227193,8.363859,4.38,18.909994,7.159341,4.29,11.341925,22.74509,18.473627
"2021-09-17","2021-09-17",12.91325,22.371243,14.16166,10.100306,8.214504,4.24,18.644073,6.237658,4.04,10.833494,22.819418,18.595533
"2021-09-20","2021-09-20",12.707598,21.377478,13.67813,9.660424,7.871866,3.83,18.122078,6.265587,3.94,10.711818,22.167938,18.117283
"2021-09-21","2021-09-21",12.656186,21.739548,13.85843,9.812692,8.047578,3.88,18.319057,6.256278,3.91,10.955169,22.364695,18.173546
"2021-09-22","2021-09-22",13.307418,22.340429,14.169854,10.184897,8.311145,3.97,18.506189,6.703155,4.07,11.233286,22.605171,18.454874
"2021-09-23","2021-09-23",13.14461,22.972122,14.653387,10.15952,8.609855,3.97,18.516035,6.805563,4.1,11.663497,22.526474,18.71744
"2021-09-24","2021-09-24",12.827562,22.925901,14.456695,10.03263,8.47807,3.92,18.713017,6.526266,4.22,11.689569,22.500235,18.745573
"2021-09-27","2021-09-27",13.410243,23.041456,14.759929,10.328703,8.205719,3.87,19.156219,6.814874,4.1,11.793864,22.478373,19.092541
"2021-09-28","2021-09-28",13.007507,22.494501,14.423914,10.041091,7.520444,3.75,18.86075,6.786943,3.88,11.715644,22.10235,18.473627
"2021-09-29","2021-09-29",12.759011,23.149307,14.645189,10.049549,7.98608,3.73,18.516035,6.777634,3.79,11.902502,21.940569,18.764328
"2021-09-30","2021-09-30",12.759011,23.457451,14.636994,9.863447,7.819153,3.8,18.122078,7.075552,3.9,11.832973,21.625763,18.914366
"2021-10-01","2021-10-01",13.401675,23.611523,14.948416,10.244111,7.977293,3.87,17.669027,6.991763,3.96,12.167583,21.695719,19.720833
"2021-10-04","2021-10-04",13.298849,23.757891,14.404754,10.049549,7.863081,3.77,16.359116,7.215201,3.8,12.510883,21.289087,18.820593
"2021-10-05","2021-10-05",13.35883,23.773298,14.741083,10.218735,7.801582,3.96,16.841715,7.745867,3.75,12.784652,21.394026,18.670553
"2021-10-06","2021-10-06",13.06749,23.465153,14.798507,10.066468,7.907009,4,16.053797,7.987926,3.73,12.445699,20.646349,18.473627
"2021-10-07","2021-10-07",13.399877,23.9967,14.486787,9.998793,7.898223,4.01,15.975005,8.369633,3.85,12.428316,20.112921,18.49238
"2021-10-08","2021-10-08",13.930651,25.044388,14.708268,10.277948,8.056364,4.01,16.073494,9.151668,3.95,12.654284,20.624485,19.158182
"2021-10-11","2021-10-11",13.591303,25.23698,14.429361,10.108763,7.994865,3.98,15.906062,8.67686,4,12.741197,19.903048,18.933123
"2021-10-12","2021-10-12",NA,NA,NA,NA,NA,NA,NA,8.83513,NA,NA,NA,NA
"2021-10-13","2021-10-13",13.600006,25.036688,14.50319,10.100306,8.434143,3.91,15.906062,8.81651,4.13,12.875908,20.226599,19.073786
"2021-10-14","2021-10-14",13.49559,25.23698,14.363737,10.058008,8.425358,4.05,16.152287,9.673024,4.17,12.897636,19.76313,19.289465
"2021-10-15","2021-10-15",14.383115,25.583641,14.995379,10.184897,8.794351,4.19,16.959902,10.138522,4.2,12.862872,20.051706,20.16157
"2021-10-18","2021-10-18",14.609347,25.437275,15.159444,10.514806,8.486856,4.03,17.137182,11.441912,4.19,12.797689,20.195995,20.367876
"2021-10-19","2021-10-19",14.139481,24.975056,14.659053,10.13414,8.170576,3.79,16.053797,10.380579,4.05,12.171927,20.445219,20.405386
"2021-10-20","2021-10-20",14.661553,24.351067,15.200459,10.201816,7.907009,3.69,16.053797,10.306099,3.9,12.38486,20.742542,20.968037
"2021-10-21","2021-10-21",14.322206,23.318785,14.765694,9.973417,7.810368,3.41,15.167391,9.933702,3.88,11.928576,20.917437,20.311613
"2021-10-22","2021-10-22",13.704419,23.079971,14.281704,9.643506,7.652228,3.28,15.167391,10.110591,3.78,11.811247,20.821243,19.805229
"2021-10-25","2021-10-25",13.974155,23.534485,14.511394,9.702722,7.617085,3.35,15.709084,11.004345,3.86,12.619522,21.057352,21.052433
"2021-10-26","2021-10-26",13.800133,22.62546,14.175068,9.592752,7.406232,3.2,15.118147,10.445749,3.61,12.497846,20.567648,20.424143
"2021-10-27","2021-10-27",13.843637,22.247986,14.412956,9.626587,7.379875,3.26,15.413614,8.639621,3.6,12.467427,20.795012,21.080563
"2021-10-28","2021-10-28",13.051828,21.859247,14.273503,9.372813,7.063595,3.11,14.90147,8.630311,3.51,12.584758,20.698818,20.208456
"2021-10-29","2021-10-29",13.217151,21.401728,13.945377,9.212088,6.99331,2.98,14.409022,7.866896,3.46,11.798209,20.410242,19.589544
"2021-11-01","2021-11-01",13.182345,21.486454,14.396549,9.61813,7.494087,3.12,14.684793,7.485189,3.58,12.167583,20.708748,19.852116
"2021-11-02","2021-11-02",NA,NA,NA,NA,NA,NA,NA,7.680698,NA,NA,NA,NA
"2021-11-03","2021-11-03",13.730523,22.054117,14.361447,9.711181,7.274448,3.15,15.5515,7.680698,3.79,11.667842,21.036194,20.414764
"2021-11-04","2021-11-04",13.913249,21.503399,13.58138,9.465863,7.107522,3.05,15.640141,7.205891,3.63,11.298469,20.885748,20.09593
"2021-11-05","2021-11-05",14.139481,22.562469,14.131534,9.516619,7.353518,2.96,16.152287,7.922757,3.59,11.233286,21.337093,20.330364
"2021-11-08","2021-11-08",14.165586,23.57918,13.852349,9.39819,7.283234,2.82,15.856818,8.127574,3.48,11.350617,21.319391,20.264723
"2021-11-09","2021-11-09",14.165586,23.892668,13.745604,9.474323,7.292019,3.01,16.339417,8.323083,3.54,11.576586,21.744188,20.480408
"2021-11-10","2021-11-10",14.56584,23.367365,14.39429,9.838069,7.871866,3.07,15.46286,8.406873,3.47,11.485329,22.045082,20.621067
"2021-11-11","2021-11-11",14.618047,23.375839,14.533883,9.237465,8.293573,3.33,15.906062,8.537212,3.65,11.494019,21.814985,21.146206
"2021-11-12","2021-11-12",14.165586,22.443855,14.583155,9.059821,7.915794,3.13,15.699234,8.7141,3.62,11.728681,21.876932,20.630444
"2021-11-15","2021-11-15",NA,NA,NA,NA,NA,NA,NA,8.648931,NA,NA,NA,NA
"2021-11-16","2021-11-16",13.930651,21.774523,14.550307,8.780667,7.696156,2.94,16.142437,8.472043,3.49,11.850357,21.726486,19.589544
"2021-11-17","2021-11-17",13.626109,21.17297,14.599571,8.603024,7.76644,2.94,15.344672,8.192744,3.27,11.550513,21.399042,19.364485
"2021-11-18","2021-11-18",13.71312,20.952681,14.418925,8.535351,7.256877,2.9,15.758328,7.997235,3.02,11.53313,21.089294,19.092541
"2021-11-19","2021-11-19",13.948053,20.740868,14.443561,8.543809,7.212949,3.01,15.344672,7.811038,3.1,11.341925,20.319353,19.132332
"2021-11-22","2021-11-22",13.861042,20.486691,14.254704,8.42538,7.116309,3.04,15.74848,7.969306,2.92,11.454909,19.567112,19.170105
"2021-11-23","2021-11-23",14.182986,20.579889,14.607784,8.467676,7.283234,2.97,15.049204,7.531739,2.94,12.080671,19.806059,19.000128
"2021-11-24","2021-11-24",14.670256,20.910318,14.870545,8.670697,7.300806,3.01,14.822678,7.717937,2.98,12.328368,19.92996,19.472296
"2021-11-25","2021-11-25",14.365713,21.4102,14.928025,8.721454,7.819153,3.21,14.793132,NA,3.02,12.871564,20.832649,19.557285
"2021-11-26","2021-11-26",14.052467,20.834066,14.402505,8.535351,7.555587,3.01,14.379476,7.280371,2.98,12.371823,20.257402,19.170105
"2021-11-29","2021-11-29",14.731164,20.723923,14.320389,8.755291,7.204164,2.9,15.068901,7.34554,2.89,12.80638,20.222006,19.019012
"2021-11-30","2021-11-30",14.731164,19.944445,13.975519,8.543809,7.344732,2.71,14.22189,7.140721,2.76,12.788999,19.699862,18.23521
"2021-12-01","2021-12-01",14.826877,19.868193,13.90162,8.366164,7.538015,2.62,13.75899,6.526266,2.54,12.862872,19.204268,17.98024
"2021-12-02","2021-12-02",14.913889,20.071535,14.598023,8.535351,7.880652,2.67,14.24159,6.935903,2.58,13.844319,19.947657,18.272985
"2021-12-03","2021-12-03",14.966095,20.342655,14.639121,8.450758,8.109076,3.06,15.265881,6.665915,2.66,14.039584,19.876858,18.546843
"2021-12-06","2021-12-06",15.383755,20.554472,14.811736,8.594564,8.153005,3.03,16.004553,7.168651,2.98,14.103046,19.797211,19.434523
"2021-12-07","2021-12-07",15.270638,20.579889,14.614462,8.442297,8.170576,2.92,16.368963,7.31761,2.96,14.332483,19.602512,19.765043
"2021-12-08","2021-12-08",15.583883,21.257696,14.573362,8.594564,8.311145,3.11,16.969749,7.33623,3.04,14.327602,19.425514,20.114449
"2021-12-09","2021-12-09",15.488168,20.876429,14.137724,8.42538,8.337502,3.08,17.038692,7.224511,2.95,14.298312,19.133469,20.001127
"2021-12-10","2021-12-10",15.636089,21.122133,14.137724,8.400002,8.293573,3.34,16.743225,7.177961,3.06,14.47405,19.230818,20.2561
"2021-12-13","2021-12-13",15.470767,21.799938,13.907578,8.450758,8.249646,3.14,16.447756,6.991763,3.03,14.38618,18.983023,20.416637
"2021-12-14","2021-12-14",15.375055,21.647432,14.096627,8.450758,7.907009,3.03,15.669688,6.740394,2.84,14.215324,18.602476,19.925579
"2021-12-15","2021-12-15",14.731164,21.740631,14.088408,8.543809,7.942151,3.02,14.921166,6.991763,2.73,14.303193,19.115767,19.925579
"2021-12-16","2021-12-16",14.313505,22.367601,14.236362,8.355457,7.907009,3.11,15.009808,7.23382,2.76,14.493576,18.938772,20.501627
"2021-12-17","2021-12-17",14.026365,21.918556,13.84182,8.243591,8.25843,3.25,14.822678,7.122102,2.95,14.151863,18.567078,19.59506
"2021-12-20","2021-12-20",13.895846,22.138842,13.578792,8.054282,8.00365,3.3,14.527209,7.112792,2.89,13.746687,18.425476,19.302317
"2021-12-21","2021-12-21",13.63481,22.689562,13.517373,7.985442,8.038792,3.3,14.743886,7.41071,2.91,13.766215,18.328127,19.245653
"2021-12-22","2021-12-22",13.652211,23.502928,13.550687,7.925208,7.796768,3.34,13.000622,7.568978,2.88,13.746687,18.23078,18.971796
"2021-12-23","2021-12-23",13.721823,23.341948,13.534026,7.951024,8.150341,3.33,12.783943,7.652768,2.8,13.829674,18.496277,19.066231
"2021-12-27","2021-12-27",13.895846,23.392786,13.675616,8.157542,8.059682,3.41,12.803642,7.727248,2.88,14.034701,18.584776,19.311758
"2021-12-28","2021-12-28",14.043767,23.960447,13.667288,8.260802,8.077813,3.46,12.734699,7.39209,2.8,14.049349,18.478575,19.462854
"2021-12-29","2021-12-29",13.774029,24.036701,13.567344,8.252197,8.340728,3.43,12.813491,7.3083,2.76,13.93219,18.469727,19.462854
"2021-12-30","2021-12-30",13.808834,24.39255,13.484057,8.303827,7.987154,3.45,13.29609,7.131412,3,13.888256,18.513977,18.981176
"2021-12-31","2021-12-31",NA,NA,NA,NA,NA,NA,NA,7.31761,NA,NA,NA,NA
"2022-01-03","2022-01-03",13.748712,24.028227,13.78389,8.174752,7.615447,3.39,13.335485,7.438639,2.93,14.200679,17.770586,19.485437
"2022-01-04","2022-01-04",13.916702,23.214859,13.848294,8.252197,7.923691,3.11,11.986179,7.745867,2.67,14.254375,17.567039,19.219036
"2022-01-05","2022-01-05",13.280106,23.291113,13.756581,8.105911,7.833032,2.94,11.326299,7.615528,2.65,13.702752,17.071445,18.077309
"2022-01-06","2022-01-06",13.483462,23.951975,13.906655,8.157542,7.878361,2.89,11.21796,7.801727,2.62,13.692988,16.903296,18.162939
"2022-01-07","2022-01-07",13.58072,23.77405,13.965014,8.114517,7.869296,2.91,11.257357,7.950686,2.5,13.756452,17.089142,18.400797
"2022-01-10","2022-01-10",13.996276,23.630014,14.148436,8.157542,7.606381,2.79,10.686117,7.717937,2.35,13.673462,16.894444,18.457884
"2022-01-11","2022-01-11",13.987434,23.435146,14.290172,8.191963,7.778635,2.95,11.119471,8.062405,2.49,14.078637,16.876745,18.857489
"2022-01-12","2022-01-12",13.757553,23.604599,14.165111,8.252197,7.660777,2.96,11.710408,8.285843,2.51,14.508221,17.168793,19.552036
"2022-01-13","2022-01-13",13.881335,23.850302,14.32352,8.346853,7.642645,2.92,11.474032,8.462733,2.46,14.80112,17.239592,19.68524
"2022-01-14","2022-01-14",14.022801,23.867249,14.54029,8.561977,7.787701,2.9,11.513429,8.248604,2.46,15.352745,17.133392,19.437866
"2022-01-17","2022-01-17",14.022801,23.528345,14.623664,8.630818,7.787701,2.97,11.533127,NA,2.56,15.377153,17.159943,19.285637
"2022-01-18","2022-01-18",14.031643,23.30806,14.707039,8.794312,7.615447,2.76,11.139169,8.174124,2.48,15.445496,16.708597,19.637667
"2022-01-19","2022-01-19",14.137742,23.833357,14.690362,8.906178,7.706107,2.75,12.084668,8.295154,2.5,15.372272,17.080292,19.333206
"2022-01-20","2022-01-20",13.96091,23.790995,14.623664,8.992227,7.860229,3.02,13.39458,8.295154,2.62,15.484548,17.177641,19.656694
"2022-01-21","2022-01-21",13.828286,23.113188,14.548628,8.940597,7.570117,3.02,14.074157,7.717937,2.61,15.508958,17.106842,19.276121
"2022-01-24","2022-01-24",13.748712,22.282875,14.698699,8.923388,7.415995,2.86,14.280985,7.634148,2.52,15.596828,16.549301,18.971663
"2022-01-25","2022-01-25",14.01396,22.647196,15.207275,9.241771,7.597315,2.94,14.320381,7.727248,2.65,16.104519,16.708597,19.123892
"2022-01-26","2022-01-26",13.916702,22.274405,15.215612,9.147117,7.733305,2.93,14.674943,7.662077,2.68,16.534101,17.062593,19.276121
"2022-01-27","2022-01-27",14.067009,22.376076,15.315666,9.267588,8.503916,2.99,14.497663,7.429329,2.68,16.538982,17.690933,19.200006
"2022-01-28","2022-01-28",14.005117,22.901375,15.507421,9.276193,8.250068,2.95,14.665095,7.38278,2.81,15.884845,17.513939,19.409321
"2022-01-31","2022-01-31",14.005117,23.67238,15.674166,9.422478,8.168473,3.11,15.64999,7.717937,2.92,15.79209,17.549335,19.856499
"2022-02-01","2022-02-01",14.332257,24.646725,15.674166,9.250376,8.068748,2.95,15.610595,7.866896,3,16.109396,17.646685,19.675724
"2022-02-02","2022-02-02",14.34994,24.528111,15.413177,9.129907,8.222869,2.81,15.226485,7.783106,3.01,15.87508,17.549335,19.533009
"2022-02-03","2022-02-03",14.341099,23.850302,15.630145,8.880362,8.08688,2.79,15.029506,7.541049,3.05,15.655406,17.505091,18.857489
"2022-02-04","2022-02-04",14.270366,23.67238,15.663528,8.820127,8.277266,2.8,14.645396,7.643458,2.9,15.928781,16.974094,18.657688
"2022-02-07","2022-02-07",14.270366,24.375603,15.688562,8.708263,8.286332,2.79,14.24159,7.652768,2.93,15.69446,17.549335,18.781372
"2022-02-08","2022-02-08",14.367625,24.240042,15.746976,8.639423,8.286332,2.93,14.320381,7.904136,2.94,15.538246,18.177681,18.933603
"2022-02-09","2022-02-09",13.969751,24.994101,14.361711,8.605002,8.08688,2.88,14.802979,7.866896,3.02,15.596828,18.867971,18.924088
"2022-02-10","2022-02-10",14.155425,25.578711,14.478539,8.768498,8.222869,2.91,14.753735,7.717937,3.13,15.836026,18.682123,18.886032
"2022-02-11","2022-02-11",14.597507,25.333002,14.628749,8.914783,8.204738,2.83,14.566605,8.183434,3.37,16.480402,18.832571,18.286627
"2022-02-14","2022-02-14",14.588665,25.638018,14.737234,8.949203,7.887427,2.8,15.078752,8.239294,3.26,16.109396,18.841421,18.35323
"2022-02-15","2022-02-15",14.986537,25.239807,14.904131,9.258982,8.159408,3.02,15.403767,8.425493,3.56,15.855553,18.717524,18.657688
"2022-02-16","2022-02-16",14.960013,25.697325,15.02931,9.181537,8.204738,3.1,15.5515,8.202055,3.49,16.075228,19.177719,18.419828
"2022-02-17","2022-02-17",14.756656,25.976919,14.879097,9.121303,8.141275,3.06,15.5515,8.202055,3.33,16.011765,19.133469,18.220024
"2022-02-18","2022-02-18",14.659397,25.087299,14.94586,9.293403,8.105011,2.96,15.521954,7.894826,3.44,16.109396,19.05382,18.35323
"2022-02-21","2022-02-21",14.049327,25.214388,14.695509,8.975018,7.833032,2.9,14.90147,NA,3.28,16.524338,18.735224,17.782366
"2022-02-22","2022-02-22",14.084693,25.993866,14.695509,9.121303,7.823965,3.09,15.256032,7.41071,3.3,16.47064,18.673273,17.582563
"2022-02-23","2022-02-23",14.500249,26.37513,14.520265,9.035252,7.887427,2.99,14.753735,7.41071,3.31,16.70496,18.611326,17.839451
"2022-02-24","2022-02-24",14.093533,27.451149,14.19481,8.673842,7.932757,3,15.512105,7.34554,3.34,16.299782,18.452026,17.601593
"2022-02-25","2022-02-25",13.79292,27.832413,14.236535,8.605002,8.068748,3.03,15.502255,7.38278,3.48,16.597561,18.567078,17.525476
"2022-02-28","2022-02-28",NA,NA,NA,NA,NA,NA,NA,7.4014,NA,NA,NA,NA
"2022-03-01","2022-03-01",NA,NA,NA,NA,NA,NA,NA,7.959996,NA,NA,NA,NA
"2022-03-02","2022-03-02",13.589563,28.671198,14.119706,8.553372,8.023417,2.91,15.46286,8.444113,3.65,16.924631,18.522825,17.55402
"2022-03-03","2022-03-03",13.845969,28.883013,14.301064,8.768498,8.17754,2.9,15.758328,8.202055,3.61,16.714722,18.770622,17.55402
"2022-03-04","2022-03-04",13.633771,28.94232,14.025401,8.820127,7.805833,2.86,15.354522,8.099645,3.51,16.709841,18.390076,17.639648
"2022-03-07","2022-03-07",13.545353,29.577766,13.591024,8.389877,7.814899,2.74,14.773433,9.142358,3.33,15.523602,17.266142,16.745298
"2022-03-08","2022-03-08",13.766394,27.934086,13.707971,8.725473,8.08688,2.81,14.773433,8.890989,3.2,15.845789,17.372337,16.526468
"2022-03-09","2022-03-09",14.261524,28.247572,14.493193,9.104092,8.023417,2.96,15.384068,8.75134,3.39,15.894607,18.11573,16.631124
"2022-03-10","2022-03-10",14.111217,28.459385,14.359537,9.009438,7.969021,2.9,15.246182,9.1471,3.29,16.451113,17.204191,16.478895
"2022-03-11","2022-03-11",13.934385,27.984919,14.234236,9.000832,7.814899,2.78,14.862074,9.0598,3.25,15.860436,17.177641,16.279093
"2022-03-14","2022-03-14",14.146584,28.0527,14.376245,9.018042,7.588249,2.75,14.280985,8.506901,3.05,15.557774,17.027195,16.222008
"2022-03-15","2022-03-15",13.899019,27.180027,14.301064,8.923388,7.551985,2.76,15.009808,8.7203,2.97,15.181889,17.168793,16.288609
"2022-03-16","2022-03-16",14.34994,27.188498,14.543314,9.172932,7.95089,2.81,15.423465,8.5942,3.1,15.050084,17.328089,16.507439
"2022-03-17","2022-03-17",14.500249,28.128956,14.651909,9.158626,8.150341,2.85,15.561349,8.6912,3.15,14.649789,17.390038,16.726269
"2022-03-18","2022-03-18",14.924645,28.383131,14.618492,9.149742,7.987154,2.81,15.866668,8.138301,3.3,14.942688,17.699785,17.297132
"2022-03-21","2022-03-21",14.765497,28.578001,14.894155,9.318521,7.796768,2.75,15.886365,8.6427,3.19,15.504075,17.779436,17.0117
"2022-03-22","2022-03-22",14.845073,28.383131,15.077929,9.505072,8.014352,2.86,16.654583,8.439,3.23,15.435732,18.089182,17.106842
"2022-03-23","2022-03-23",14.880438,28.849123,14.994396,9.61167,7.978087,2.89,16.654583,8.7688,3.17,15.645642,17.903334,16.916557
"2022-03-24","2022-03-24",14.694765,27.374897,15.169824,9.736035,8.2682,3.28,16.644733,8.924,3.29,15.826262,17.982983,17.201988
"2022-03-25","2022-03-25",14.685924,27.256277,15.370304,9.895935,8.277266,3.38,17.009146,8.933701,2.79,15.767684,18.460876,17.344702
"2022-03-28","2022-03-28",15.013061,27.086826,15.303473,9.815986,8.204738,3.31,16.723526,8.778501,2.59,15.425969,18.443178,17.592077
"2022-03-29","2022-03-29",15.242943,27.061411,15.495604,9.993649,8.340728,3.35,16.556093,8.885201,2.69,15.767684,18.814873,18.57206
"2022-03-30","2022-03-30",15.198737,26.875011,15.428777,9.824868,8.739633,3.3,15.945459,9.088901,2.78,16.104519,18.788321,17.278105
"2022-03-31","2022-03-31",15.234102,26.993629,15.261708,9.66497,9.881948,3.3,16.02425,9.0598,2.71,16.329073,18.682123,16.983158
"2022-04-01","2022-04-01",15.209787,27.069881,15.161468,9.789335,10.190193,3.51,16.152287,9.506001,2.72,16.114279,18.871954,16.840443
"2022-04-04","2022-04-04",15.128741,27.273222,15.108995,9.771568,9.609969,3.64,15.896213,9.8746,2.75,15.962951,18.808779,17.087814
"2022-04-05","2022-04-05",14.57042,27.959503,14.707655,9.620552,9.156669,3.52,15.344672,9.409,2.71,15.811619,18.61022,16.697725
"2022-04-06","2022-04-06",14.3633,29.060936,14.590592,9.61167,9.047876,3.39,14.950714,9.9425,2.61,15.796974,18.474838,16.31715
"2022-04-07","2022-04-07",14.282253,29.145666,14.640759,9.638321,9.247329,3.32,14.871923,9.816401,2.67,16.617088,18.628267,16.212494
"2022-04-08","2022-04-08",14.372305,27.891314,14.716014,9.727152,9.437715,3.25,14.665095,10.117101,2.6,16.700075,19.232965,16.193464
"2022-04-11","2022-04-11",14.318274,28.296318,14.741097,9.638321,9.038811,3.16,14.231741,9.5739,2.48,16.573154,19.503727,16.031719
"2022-04-12","2022-04-12",14.273248,28.197317,14.640759,9.593904,9.337989,3.22,14.231741,9.816401,2.49,16.524338,19.332243,15.898518
"2022-04-13","2022-04-13",14.3633,27.702312,14.782905,9.682734,9.211064,3.34,14.271136,10.020101,2.61,16.875816,18.835854,15.955605
"2022-04-14","2022-04-14",14.57042,28.350319,14.824711,9.656085,9.111339,3.23,14.024913,9.700001,2.53,16.699713,18.790726,15.94609
"2022-04-18","2022-04-18",15.236805,29.484329,15.108995,9.851519,9.066009,3.06,13.788537,9.7388,2.57,16.405985,19.070509,17.297132
"2022-04-19","2022-04-19",15.461935,28.917326,14.851178,9.656085,9.292659,3.1,13.778688,9.8067,2.61,16.902649,19.025387,18.172453
"2022-04-20","2022-04-20",15.560993,29.277328,14.80514,9.647202,9.392385,3.17,13.493069,10.0492,2.57,16.982758,19.025387,18.001194
"2022-04-21","2022-04-21",NA,NA,NA,NA,NA,NA,NA,9.2053,NA,NA,NA,NA
"2022-04-22","2022-04-22",15.281831,28.818325,14.584167,9.576137,8.957216,3.24,13.000622,9.0598,2.57,16.320538,18.754623,18.143909
"2022-04-25","2022-04-25",15.24581,29.142328,14.51051,9.673854,8.81216,3.35,12.744548,8.545701,2.59,16.080215,18.7817,19.028748
"2022-04-26","2022-04-26",14.984659,30.35734,13.958081,9.425122,9.038811,3.39,12.774096,8.545701,2.52,16.053513,18.547043,19.371264
"2022-04-27","2022-04-27",14.903611,30.870346,13.958081,9.620552,8.975348,3.46,12.606663,8.4681,2.53,16.053513,18.294333,19.342722
"2022-04-28","2022-04-28",14.966649,30.834345,13.82918,9.691619,9.773157,3.33,12.586965,9.0501,2.68,16.160322,18.583141,19.675724
"2022-04-29","2022-04-29",14.228221,30.591345,13.727901,9.362939,9.056942,3.19,11.818747,9.0792,2.69,16.171005,18.366535,19.466408
"2022-05-02","2022-05-02",14.552409,30.33934,13.608208,9.203041,8.957216,2.99,11.421833,9.1665,2.61,16.010788,18.204081,19.542524
"2022-05-03","2022-05-03",14.597434,31.06835,13.679417,9.333734,8.784962,2.85,11.362291,9.341101,2.63,16.154984,18.086754,19.590096
"2022-05-04","2022-05-04",14.804555,31.527353,13.836121,9.743812,8.558311,2.94,11.342445,9.544801,2.77,17.126951,18.429712,20.132414
"2022-05-05","2022-05-05",14.201206,30.330341,13.421314,9.467455,8.476718,2.87,10.766889,8.7397,2.73,17.094908,18.167978,20.046785
"2022-05-06","2022-05-06",14.219216,29.970335,13.688634,9.44071,8.730566,2.75,10.270719,8.342001,2.71,17.655661,18.032597,19.533009
"2022-05-09","2022-05-09",14.237227,29.62833,13.891429,9.467455,8.114078,2.69,9.893629,7.7406,2.57,17.175016,17.436928,18.676716
"2022-05-10","2022-05-10",14.048119,29.430332,13.928299,9.342648,8.13221,2.78,9.893629,7.663,2.62,17.324549,17.057863,18.419828
"2022-05-11","2022-05-11",14.525393,27.945313,14.158746,9.396136,8.204738,2.9,9.278378,7.6824,2.59,17.928026,16.362913,18.44837
"2022-05-12","2022-05-12",14.597434,28.350319,14.232491,9.583346,8.114078,2.93,9.278378,7.4205,2.68,18.066877,17.328625,19.009716
"2022-05-13","2022-05-13",14.894608,28.854326,14.435285,8.825593,8.31353,3.04,9.318072,7.8376,2.79,18.301859,17.888191,21.026766
"2022-05-16","2022-05-16",14.840576,28.44932,14.748694,8.93257,8.748697,3.1,9.198992,7.9152,2.78,18.483437,18.186029,20.922108
"2022-05-17","2022-05-17",15.24581,28.476318,15.034449,9.119781,8.830292,3.1,9.179144,8.254701,2.65,18.243114,18.664373,21.483456
"2022-05-18","2022-05-18",14.957644,27.55831,14.757912,9.057377,8.857491,3.1,9.02037,7.8764,2.66,17.944046,18.501917,21.074337
"2022-05-19","2022-05-19",15.615023,27.756311,14.73026,8.959314,8.612708,3.15,9.198992,8.2159,2.64,18.248453,17.969421,21.064821
"2022-05-20","2022-05-20",15.029685,27.666311,15.016015,8.861251,9.247329,3.22,9.228762,8.1674,2.66,18.600927,18.213106,21.236082
"2022-05-23","2022-05-23",15.092721,27.810312,15.163503,9.253501,9.655298,3.29,9.685238,8.3711,2.6,19.332575,18.39361,21.198025
"2022-05-24","2022-05-24",14.993663,27.999315,15.458477,9.342648,9.473979,3.38,9.318072,8.409901,2.62,18.806173,18.348488,20.589104
"2022-05-25","2022-05-25",14.876596,28.062315,15.310988,9.146524,9.691563,3.35,9.943246,8.5651,2.63,19.073982,18.303358,21.540541
"2022-05-26","2022-05-26",15.002668,28.296318,15.375517,9.137609,9.464912,3.17,10.360028,8.536,2.75,19.121593,18.538017,21.645199
"2022-05-27","2022-05-27",15.24581,28.053316,15.486129,9.075206,9.709695,3.25,10.211178,8.9434,2.92,18.211042,18.556067,21.435883
"2022-05-30","2022-05-30",14.948639,29.295328,15.366299,9.066292,9.827553,3.16,9.834088,NA,2.81,17.848011,18.637297,21.331226
"2022-05-31","2022-05-31",14.417331,28.854326,15.559873,9.191099,9.328922,3.14,9.278378,8.7882,2.72,17.889669,18.718523,21.978203
"2022-06-01","2022-06-01",14.480368,28.818325,15.301771,8.93257,8.966283,3.13,9.228762,8.7009,2.61,17.865866,19.03441,22.330233
"2022-06-02","2022-06-02",14.867592,29.169327,15.317687,8.879083,8.975348,3.12,9.367688,8.7591,2.59,17.71113,18.64632,23.177015
"2022-06-03","2022-06-03",14.534398,28.296318,15.225414,8.843424,8.703368,3.12,9.010447,8.458401,2.57,18.020599,18.104799,23.196043
"2022-06-06","2022-06-06",14.318274,27.486309,15.151592,8.816679,8.522047,3.14,8.633357,8.1868,2.45,18.032499,17.653534,22.672752
"2022-06-07","2022-06-07",14.516389,27.342306,15.022407,8.78102,8.522047,2.89,8.49443,8.021901,2.39,18.24675,17.436928,22.092375
"2022-06-08","2022-06-08",14.300263,26.667299,14.856314,8.905827,8.2682,2.83,8.762362,7.847301,2.26,18.15748,17.22032,22.292177
"2022-06-09","2022-06-09",14.498378,26.388296,14.874766,8.93257,8.059682,2.89,8.722668,7.4496,2.15,17.89562,17.292521,22.444408
"2022-06-10","2022-06-10",14.327278,26.082293,14.680987,8.870167,7.896493,2.77,8.424966,7.081,2,17.645664,16.904434,21.959175
"2022-06-13","2022-06-13",13.840999,25.299284,14.450301,8.718653,8.005285,2.69,7.988337,6.0528,1.94,17.419516,16.877359,21.236082
"2022-06-14","2022-06-14",13.750946,25.101282,14.33957,8.653794,7.724239,2.56,7.879179,5.9849,1.83,17.61591,16.714901,20.151443
"2022-06-15","2022-06-15",13.70592,25.092281,14.441073,8.718653,7.805833,2.69,8.196728,6.3535,1.9,17.30644,16.91346,20.693764
"2022-06-16","2022-06-16",NA,NA,NA,NA,NA,NA,NA,6.1692,NA,NA,NA,NA
"2022-06-17","2022-06-17",14.012097,24.408276,14.210385,8.672326,7.479457,2.56,8.236422,6.4505,1.9,16.253057,16.714901,20.408333
"2022-06-20","2022-06-20",14.219216,24.14727,14.496438,8.672326,7.579183,2.6,7.730328,NA,1.88,16.437548,16.732954,20.00873
"2022-06-21","2022-06-21",13.804977,24.678278,14.392575,8.468489,7.533854,2.51,7.908949,6.79,1.86,16.110226,17.193243,20.170473
"2022-06-22","2022-06-22",14.102149,23.706266,14.317904,8.449957,7.443193,2.5,7.899026,6.314701,1.85,16.062614,16.976635,20.256104
"2022-06-23","2022-06-23",14.147174,23.544264,13.972558,8.357306,7.307203,2.49,8.127263,6.208,1.94,15.765048,16.850281,20.455902
"2022-06-24","2022-06-24",13.913039,23.535263,13.953891,8.40363,7.343467,2.37,8.127263,6.4893,1.92,15.646022,16.534393,20.474934
"2022-06-27","2022-06-27",14.093143,23.472263,14.075229,8.48702,7.334401,2.4,7.879179,6.4408,1.96,16.651794,16.570498,21.10288
"2022-06-28","2022-06-28",13.994086,23.283262,13.944556,8.52408,7.461324,2.33,7.680711,6.2565,1.9,16.860092,16.480244,21.683258
"2022-06-29","2022-06-29",13.89503,22.923256,13.739217,8.3851,7.370665,2.28,7.422702,6.2177,1.84,16.711309,16.38999,21.378798
"2022-06-30","2022-06-30",13.976076,21.942245,13.421871,8.301713,7.216543,2.26,7.571554,5.8297,1.88,16.62204,16.028975,21.150454
"2022-07-01","2022-07-01",14.493912,21.933247,13.44987,8.40363,7.207477,2.26,7.660864,5.917,1.89,16.979116,16.25461,20.931622
"2022-07-04","2022-07-04",14.060846,21.456242,13.307128,8.338774,7.370665,2.2,7.680711,NA,1.8,17.342148,16.092154,20.455902
"2022-07-05","2022-07-05",14.46627,21.321239,13.353851,8.440693,7.198411,2.2,8.117341,5.626,1.8,16.681553,16.579523,19.846983
"2022-07-06","2022-07-06",14.060846,20.754232,13.307128,8.496284,7.180279,2.3,8.127263,5.7521,1.95,16.467304,16.344862,19.837467
"2022-07-07","2022-07-07",14.318844,21.384241,13.475334,8.542612,7.542919,2.3,8.355502,5.9752,2.2,16.949362,16.38999,20.1229
"2022-07-08","2022-07-08",14.512341,21.222239,13.522058,8.663059,7.479457,2.28,8.454737,5.7133,2.14,17.139803,16.317787,20.027756
"2022-07-11","2022-07-11",14.429414,20.54723,13.316472,8.672326,7.243741,2.16,8.147111,5.2283,2.03,17.056486,16.182407,19.770868
"2022-07-12","2022-07-12",14.64134,20.41223,13.279093,8.727916,7.343467,2.14,8.256268,5.141,1.97,16.800577,16.380962,19.837467
"2022-07-13","2022-07-13",14.226702,20.043226,13.026782,8.625999,7.325335,2.08,7.859332,5.1895,1.85,16.812481,15.929698,19.818439
"2022-07-14","2022-07-14",13.821279,20.259228,12.737089,8.663059,7.189344,2.05,8.018106,4.9955,1.72,16.36018,15.992875,19.599609
"2022-07-15","2022-07-15",14.392556,20.205227,12.849226,8.690856,7.080553,2,8.077647,5.044,1.68,16.639893,15.86652,20.341728
"2022-07-18","2022-07-18",14.328057,20.817232,12.952022,8.644529,7.316268,2.02,7.492167,5.1604,1.65,17.020779,16.001902,20.36076
"2022-07-19","2022-07-19",14.825624,20.943235,13.39123,8.80204,7.379731,2.09,7.412779,5.2477,1.62,17.365953,15.893599,20.722307
"2022-07-20","2022-07-20",15.442974,21.36624,13.176297,8.829834,7.787701,2.14,7.700558,5.2962,1.72,17.360003,16.426092,20.931622
"2022-07-21","2022-07-21",15.470618,21.591242,13.33516,8.876162,7.506655,2.14,8.5242,5.1895,1.89,17.270733,16.344862,21.217051
"2022-07-22","2022-07-22",15.065192,20.997236,13.232369,9.042937,7.624513,2.08,8.246346,5.141,1.97,17.455223,16.633673,21.017252
"2022-07-25","2022-07-25",15.498258,21.033237,13.372542,9.052203,7.334401,2.12,8.018106,5.179801,1.88,18.270555,16.588549,21.074337
"2022-07-26","2022-07-26",15.313976,20.880236,13.344506,9.061468,7.207477,2.13,7.56163,5.4029,1.75,18.455044,16.380962,20.731821
"2022-07-27","2022-07-27",15.516686,21.429239,13.419267,9.126326,7.316268,2.22,7.680711,5.6163,1.86,18.657391,16.633673,21.188511
"2022-07-28","2022-07-28",15.949754,21.555243,13.475334,9.218978,7.343467,2.29,7.988337,5.8394,1.99,19.216816,16.859306,21.302683
"2022-07-29","2022-07-29",15.87604,21.591242,13.522058,9.27457,7.479457,2.23,8.097493,6.4699,1.99,20.323763,16.624649,21.664228
"2022-08-01","2022-08-01",15.783897,21.141237,13.494024,9.311631,7.724239,2.23,8.732592,6.2662,2,20.044048,16.714901,21.588114
"2022-08-02","2022-08-02",15.341618,21.34824,13.697284,9.237509,7.987154,2.24,8.712744,6.2468,2,20.13332,16.940533,21.835489
"2022-08-03","2022-08-03",15.544331,21.222239,13.865693,9.311631,8.150341,2.38,8.831825,6.1304,2.11,20.14522,17.454975,22.235092
"2022-08-04","2022-08-04",15.664114,21.36624,14.202512,9.487672,8.386058,2.46,9.278378,6.314701,2.26,20.359467,17.599382,22.549067
"2022-08-05","2022-08-05",16.032682,21.969246,14.333497,9.784162,8.386058,2.51,9.476847,6.4699,2.33,20.752256,18.077724,23.976223
"2022-08-08","2022-08-08",15.912898,21.915247,14.370922,9.849018,8.250068,2.56,9.774549,6.4408,2.36,21.799688,19.341269,25.536577
"2022-08-09","2022-08-09",16.11561,21.807245,14.595468,9.978734,7.978087,2.58,9.288301,6.1789,2.34,22.156767,19.621056,24.927658
"2022-08-10","2022-08-10",16.309109,22.590254,14.829368,10.043591,8.386058,2.72,9.724932,6.3341,2.45,22.08535,19.521778,25.060862
"2022-08-11","2022-08-11",16.20775,23.004257,14.904218,9.941672,8.159408,2.69,9.595927,6.596,2.38,21.573538,19.232965,24.870573
"2022-08-12","2022-08-12",16.742172,23.337263,15.175544,10.06212,8.340728,2.7,9.129527,6.984,2.18,23.175587,19.368345,25.184547
"2022-08-15","2022-08-15",17.027813,23.229259,14.988422,10.117713,7.987154,2.67,9.248608,6.8385,2.36,23.182894,19.756433,25.869583
"2022-08-16","2022-08-16",17.387169,23.742266,15.250393,10.330814,7.651711,2.6,9.139451,7.1392,2.34,23.394844,19.449575,26.269186
"2022-08-17","2022-08-17",17.755733,24.039268,15.30653,10.367875,7.261873,2.51,9.109681,6.3826,2.33,23.942987,19.26907,26.811504
"2022-08-18","2022-08-18",17.820234,23.598265,15.372023,10.358611,7.579183,2.37,9.208914,6.2274,2.36,24.425356,18.510942,26.763931
"2022-08-19","2022-08-19",17.488523,24.030272,15.166187,10.284489,7.261873,2.26,9.268455,5.917,2.41,23.190201,18.709499,25.336777
"2022-08-22","2022-08-22",17.350309,23.805267,14.997779,10.210366,7.406929,2.3,8.970753,5.8103,2.39,23.687187,18.86293,25.251148
"2022-08-23","2022-08-23",17.470095,24.83128,15.081985,10.256693,7.588249,2.34,9.089833,5.8297,2.44,24.439972,19.007332,25.165518
"2022-08-24","2022-08-24",17.414808,25.137283,15.025845,10.395673,7.796768,2.37,9.248608,6.0334,2.45,24.586147,19.404448,25.412891
"2022-08-25","2022-08-25",17.497736,25.317284,15.128761,10.506855,7.669843,2.51,9.496693,5.8297,2.49,24.323036,19.936943,25.574635
"2022-08-26","2022-08-26",17.718876,26.010292,15.053914,10.441998,7.697041,2.52,9.437153,5.7812,2.47,24.586147,19.891817,25.565125
"2022-08-29","2022-08-29",17.599094,26.280296,15.100695,10.525386,7.570117,2.51,9.397459,5.8006,2.36,25.200069,20.216726,25.546093
"2022-08-30","2022-08-30",17.718876,25.929291,15.091339,10.488325,7.660777,2.51,9.119603,5.4902,2.35,23.701805,20.53544,25.955214
"2022-08-31","2022-08-31",17.866304,25.776289,14.820013,10.377141,7.488523,2.42,8.9906,5.5096,2.3,24.286493,20.166035,25.412891
"2022-09-01","2022-09-01",17.50695,26.343296,14.820013,10.599508,7.252807,2.53,8.841748,5.1992,2.43,24.739626,20.748756,26.069384
"2022-09-02","2022-09-02",18.354656,25.443287,14.920466,10.803346,7.969021,2.56,9.000523,5.383501,2.46,24.425356,20.901602,25.783953
"2022-09-05","2022-09-05",18.142729,26.064291,15.042226,10.747754,7.606381,2.53,9.397459,NA,2.53,24.366888,20.911154,26.116957
"2022-09-06","2022-09-06",17.967661,25.848289,14.901732,10.562447,7.488523,2.44,8.960829,5.1895,2.4,23.460621,20.538593,26.392874
"2022-09-07","2022-09-07",NA,NA,NA,NA,NA,NA,NA,4.9082,NA,NA,NA,NA
"2022-09-08","2022-09-08",18.151945,25.830292,14.845534,10.534652,7.497589,2.44,8.940983,4.8694,2.46,23.241364,20.223352,26.259672
"2022-09-09","2022-09-09",17.700449,26.5863,14.98603,10.849671,7.651711,2.52,9.149374,4.9955,2.47,23.234055,20.844286,27.077908
"2022-09-12","2022-09-12",18.244085,27.018305,15.201453,10.997915,8.023417,2.51,9.149374,5.3447,2.47,23.007488,20.796522,25.641237
"2022-09-13","2022-09-13",17.903162,26.6943,14.98603,10.810889,7.669843,2.47,8.802054,5.0052,2.43,22.400873,20.739202,25.165518
"2022-09-14","2022-09-14",18.686369,27.252306,14.901732,10.754775,7.642645,2.5,8.682974,5.0343,2.51,22.744379,21.245502,25.460463
"2022-09-15","2022-09-15",18.695581,26.7393,14.836169,10.792185,7.461324,2.49,8.5242,5.1313,2.56,22.700525,21.522537,25.745895
"2022-09-16","2022-09-16",18.953579,27.153305,14.686309,10.670609,7.651711,2.47,8.246346,4.8306,2.53,22.495886,21.551193,25.403379
"2022-09-19","2022-09-19",18.944363,27.234306,15.042226,10.941815,7.669843,2.54,8.395196,5.179801,2.74,22.854008,21.589407,26.240643
"2022-09-20","2022-09-20",18.944363,27.063303,15.594834,10.951168,7.588249,2.49,8.613511,5.4417,2.77,22.722454,21.87599,26.82102
"2022-09-21","2022-09-21",18.723225,27.351307,15.49181,10.941815,7.669843,2.48,8.861596,5.4126,2.77,22.780922,21.33148,26.021812
"2022-09-22","2022-09-22",19.266861,27.891314,15.800896,11.016632,7.597315,2.64,9.069987,5.4805,2.79,23.343683,21.570301,26.402386
"2022-09-23","2022-09-23",19.183933,27.504309,15.473075,10.951168,7.533854,2.58,9.069987,5.0246,2.73,21.881964,21.111763,26.078896
"2022-09-26","2022-09-26",18.778507,26.199295,15.126525,10.614496,7.325335,2.4,8.762362,4.7821,2.52,21.406902,20.509935,25.117947
"2022-09-27","2022-09-27",18.456013,25.956291,15.01413,10.698664,7.280005,2.38,8.58374,4.7336,2.39,21.684631,20.347536,25.003773
"2022-09-28","2022-09-28",18.916723,25.776289,15.070325,10.67996,6.980826,2.38,8.762362,4.9955,2.41,21.392288,20.309326,25.12746
"2022-09-29","2022-09-29",18.944363,25.893291,15.229555,10.642552,7.125883,2.29,8.345578,4.8112,2.29,21.42152,20.271114,24.261654
"2022-09-30","2022-09-30",19.257648,27.180305,15.276384,10.988575,7.01709,2.37,8.633357,5.0052,2.45,21.779642,20.185139,23.881079
"2022-10-03","2022-10-03",20.497232,27.504309,16.287935,11.390711,7.144015,2.56,9.337918,5.4126,2.59,23.519091,20.767862,24.946688
"2022-10-04","2022-10-04",19.690845,27.567308,16.210358,11.643214,7.180279,2.55,9.427229,5.6551,2.63,22.927094,20.672335,24.784941
"2022-10-05","2022-10-05",19.587702,27.792311,16.463497,11.428119,7.144015,2.56,9.526464,5.645401,2.65,23.789509,20.548145,24.623198
"2022-10-06","2022-10-06",19.925261,27.792311,16.257235,11.895718,7.207477,2.58,9.794394,5.6163,2.64,24.600761,20.443066,25.184547
"2022-10-07","2022-10-07",20.047155,27.981314,15.86346,11.848958,7.280005,2.53,9.427229,5.5387,2.66,24.578838,20.490831,25.622208
"2022-10-10","2022-10-10",20.103415,29.151327,15.713451,11.633862,7.198411,2.47,9.357765,5.335,2.62,24.301111,20.595913,25.622208
"2022-10-11","2022-10-11",19.59708,29.106327,15.563442,10.661256,7.06242,2.47,9.050139,5.3544,2.61,24.118395,20.586359,25.393862
"2022-10-12","2022-10-12",NA,NA,NA,NA,NA,NA,NA,5.3156,NA,NA,NA,NA
"2022-10-13","2022-10-13",19.700222,28.881325,15.357179,10.736072,6.781374,2.48,8.940983,5.4126,2.59,24.805403,20.920706,26.288212
"2022-10-14","2022-10-14",19.990896,28.071316,15.291552,10.726721,6.436866,2.38,8.633357,5.1701,2.54,24.425356,20.748756,26.364326
"2022-10-17","2022-10-17",19.662714,28.548321,15.404059,10.77348,6.445932,2.42,8.613511,5.335,2.54,24.403431,21.159527,26.535587
"2022-10-18","2022-10-18",20.440971,28.530321,15.544692,11.082095,6.491262,2.45,8.5242,5.6745,2.63,25.002737,21.474773,26.840048
"2022-10-19","2022-10-19",21.144217,28.656322,15.6572,11.072743,6.627252,2.47,8.593663,5.2574,2.6,25.887075,20.978024,26.830532
"2022-10-20","2022-10-20",21.24736,28.980326,15.86346,11.222375,6.826705,2.48,8.295961,5.2671,2.57,26.654482,21.006681,26.840048
"2022-10-21","2022-10-21",21.24736,29.529333,16.285362,11.250431,6.917365,2.53,8.305885,5.5096,2.56,27.568058,21.33148,27.391884
"2022-10-24","2022-10-24",20.712894,29.673334,15.525941,10.932464,6.681648,2.55,8.365426,5.6066,2.5,25.031973,20.920706,26.754419
"2022-10-25","2022-10-25",20.084661,28.845324,15.413435,10.923111,6.890166,2.48,8.127263,5.7521,2.5,24.505751,20.700993,26.51656
"2022-10-26","2022-10-26",19.362663,28.764322,14.813397,10.502272,6.690714,2.41,7.958567,5.7909,2.35,23.906445,20.376196,26.592674
"2022-10-27","2022-10-27",19.643963,29.151327,15.104041,10.77348,6.998958,2.58,8.325732,5.6842,2.43,24.089161,21.092657,27.781971
"2022-10-28","2022-10-28",19.053236,29.41,15.216547,10.689312,7.171213,2.6,8.544046,5.0246,2.55,23.804127,21.407904,28.495548
"2022-10-31","2022-10-31",19.37204,30.059999,15.600946,10.91376,7.198411,2.82,9.129527,4.8694,2.68,21.786951,22.200788,28.105459
"2022-11-01","2022-11-01",20.300323,30.9,15.666573,11.418767,7.706107,2.91,9.268455,4.6463,2.79,21.823494,22.447966,28.531973
"2022-11-02","2022-11-02",NA,NA,NA,NA,NA,NA,NA,4.3553,NA,NA,NA,NA
"2022-11-03","2022-11-03",20.169052,31.35,15.354278,11.43747,7.796768,3,9.427229,4.3359,3.08,21.889271,23.684954,28.771656
"2022-11-04","2022-11-04",20.450348,31.290001,15.316737,11.502934,7.751437,3.04,9.715008,4.6657,3.33,20.683352,23.684954,30.104298
"2022-11-07","2022-11-07",19.737728,30.549999,14.913172,10.829592,7.778635,2.95,9.139451,4.4717,3.25,19.842861,23.100021,28.723719
"2022-11-08","2022-11-08",20.159674,29.219999,14.828705,10.792185,7.497589,3.04,8.931059,4.5978,3.35,19.989035,23.071253,28.742895
"2022-11-09","2022-11-09",19.775234,27.200001,12.454235,10.77348,7.769569,3.03,8.613511,4.4717,3.08,19.660147,22.927418,29.078451
"2022-11-10","2022-11-10",18.996979,26.4,12.060054,10.24977,7.044289,2.84,7.859332,4.6657,2.85,19.090076,21.421938,27.09387
"2022-11-11","2022-11-11",18.940718,27.02,12.200832,10.418106,7.606381,2.83,7.799792,5.1313,2.74,19.725924,21.815088,29.001753
"2022-11-14","2022-11-14",19.24077,27.66,12.294685,10.558385,7.243741,2.82,8.147111,5.3059,2.83,20.244835,21.441116,28.694958
"2022-11-15","2022-11-15",NA,NA,NA,NA,NA,NA,NA,5.2477,NA,NA,NA,NA
"2022-11-16","2022-11-16",18.509394,26.719999,12.210218,9.726058,7.026156,2.67,7.492167,4.9761,2.75,19.842861,21.287693,28.714132
"2022-11-17","2022-11-17",18.246849,26.139999,12.388538,9.576427,7.171213,2.67,7.244081,4.8888,2.65,19.850172,21.047966,27.985495
"2022-11-18","2022-11-18",18.537525,26.07,12.44485,9.585779,6.763242,2.6,7.343316,4.9858,2.75,19.513975,20.817825,27.496538
"2022-11-21","2022-11-21",18.321863,26.440001,12.34161,9.679299,6.627252,2.66,7.492167,4.8791,2.84,19.572445,21.460291,27.448601
"2022-11-22","2022-11-22",18.471889,26.25,12.360382,9.716707,6.627252,2.57,7.442549,5.1313,2.63,19.487993,21.383581,27.515715
"2022-11-23","2022-11-23",18.30311,26.76,12.313456,9.380035,6.636318,2.52,7.343316,5.1216,2.52,19.57988,21.882212,27.055519
"2022-11-24","2022-11-24",18.790693,27.48,12.529317,9.576427,6.636318,2.62,7.541783,NA,2.69,20.256485,22.553446,28.349813
"2022-11-25","2022-11-25",18.556278,27.5,12.369767,9.380035,6.663516,2.5,7.293698,5.179801,2.76,19.930712,22.237007,27.784159
"2022-11-28","2022-11-28",18.293734,26.68,12.32284,9.342627,6.672582,2.42,7.144847,4.85,2.6,20.348372,22.563036,27.717047
"2022-11-29","2022-11-29",18.575029,27.440001,12.519933,9.417443,6.618186,2.62,7.263928,5.0052,2.55,21.200396,22.716459,27.09387
"2022-11-30","2022-11-30",18.40625,27.08,12.914112,9.323923,6.618186,2.67,7.591401,5.2768,2.52,22.269606,23.215088,27.151394
"2022-12-01","2022-12-01",18.031187,26.32,12.595013,9.25846,6.545658,2.59,7.363162,5.2283,2.71,21.375814,22.984951,27.860857
"2022-12-02","2022-12-02",18.593784,27.26,12.564236,9.380035,6.491262,2.67,7.50209,5.4514,2.6,21.643116,22.860294,28.158066
"2022-12-05","2022-12-05",18.265602,26.629999,12.235331,9.090123,6.309942,2.59,7.303622,5.3641,2.6,21.400873,22.265772,28.138891
"2022-12-06","2022-12-06",18.171835,27.030001,12.413879,9.230403,6.255546,2.62,7.50209,5.3059,2.65,21.41758,22.246595,27.82251
"2022-12-07","2022-12-07",18.181213,27.290001,12.3481,9.221052,6.346206,2.49,7.343316,5.3641,2.64,21.175337,22.045225,26.882948
"2022-12-08","2022-12-08",17.581112,26.07,12.122562,9.080772,5.983565,2.47,7.00592,5.3641,2.51,20.699205,21.738377,26.29812
"2022-12-09","2022-12-09",17.5061,26.34,12.037986,9.034013,6.219282,2.42,6.45021,5.3544,2.38,20.640732,21.853445,26.144722
"2022-12-12","2022-12-12",17.252932,26.15,11.81245,8.903085,6.33714,2.34,6.331129,5.0731,2.36,19.972477,21.230156,25.569479
"2022-12-13","2022-12-13",16.849737,26.049999,11.464748,8.641229,6.346206,2.26,6.112813,5.335,2.62,19.479639,20.28084,25.34897
"2022-12-14","2022-12-14",17.131037,26.27,11.737271,8.659934,6.391536,2.27,6.370822,5.4708,2.91,17.934298,20.002758,25.272272
"2022-12-15","2022-12-15",16.999762,27.25,11.586913,8.589085,6.137688,2.28,6.380745,5.5775,2.87,18.410431,20.223307,25.559893
"2022-12-16","2022-12-16",17.074774,26.6,11.652696,8.645346,6.4278,2.27,6.231895,6.5087,2.84,18.418783,20.252073,24.975061
"2022-12-19","2022-12-19",17.262306,27.25,11.88763,8.739112,6.29181,2.22,6.301358,4.9567,2.93,18.694439,20.501389,25.492781
"2022-12-20","2022-12-20",17.824903,27.780001,12.272919,8.936024,6.618186,2.27,6.62883,5.0925,2.95,19.270809,21.191799,25.81875
"2022-12-21","2022-12-21",18.059319,27.93,12.3481,9.057922,6.418734,2.23,6.648677,5.2574,2.92,19.688469,21.517828,26.029673
"2022-12-22","2022-12-22",18.237473,28.200001,12.385689,9.039167,6.4278,2.26,6.698294,5.2477,2.97,20.039303,21.882212,26.07761
"2022-12-23","2022-12-23",18.490641,28.4,12.554839,9.245457,6.500328,2.37,6.995996,5.723,2.97,20.983215,21.949335,26.106371
"2022-12-26","2022-12-26",18.321863,28.299999,12.263522,9.15169,7.289071,2.36,6.757835,NA,2.88,20.832857,21.584951,26.250181
"2022-12-27","2022-12-27",18.021811,28.25,12.3387,8.992285,7.479457,2.24,6.787605,5.7424,2.72,20.974861,21.920568,27.218504
"2022-12-28","2022-12-28",18.443758,28.98,12.714594,9.161066,7.669843,2.29,7.105154,5.82,2.83,20.715912,22.486322,27.208918
"2022-12-29","2022-12-29",18.415628,29.959999,12.658209,9.095428,7.678909,2.26,7.154771,5.9655,2.86,20.465317,22.19865,26.22142
"2022-12-30","2022-12-30",NA,NA,NA,NA,NA,NA,NA,5.849101,NA,NA,NA,NA
"2023-01-02","2023-01-02",17.765778,29.110001,12.395083,8.861011,7.669843,2.17,6.718141,NA,2.86,19.145512,21.709608,25.686577
"2023-01-03","2023-01-03",17.058588,28.290001,11.809099,8.72036,7.41,2.1,6.370822,5.5581,2.67,18.661028,21.297279,25.435221
"2023-01-04","2023-01-04",17.115927,27.66,11.912604,8.767243,7.3,2.05,6.579214,5.5096,2.75,19.254103,21.364403,25.232204
"2023-01-05","2023-01-05",18.090704,27.610001,12.2984,8.97353,7.13,2.05,6.857069,5.7424,2.93,19.947418,21.575363,25.696243
"2023-01-06","2023-01-06",18.138487,27.82,12.627737,8.982908,7.15,2.1,7.025766,6.0431,2.96,19.830473,21.863033,25.657576
"2023-01-09","2023-01-09",18.568535,27.809999,12.65749,9.020414,7.14,2.08,7.075384,6.1013,2.95,19.939066,22.064404,25.725246
"2023-01-10","2023-01-10",19.094149,27.889999,12.922003,9.086051,7.14,2.21,7.313545,6.4602,2.93,20.122835,22.572624,26.334299
"2023-01-11","2023-01-11",19.514641,28.370001,13.059158,9.095428,7.44,2.19,7.303622,6.9549,2.95,20.281548,22.649338,26.276295
"2023-01-12","2023-01-12",18.539865,27.92,12.794644,8.954778,7.68,2.15,7.105154,7.2459,2.79,20.573908,22.476734,26.266628
"2023-01-13","2023-01-13",18.320063,28.299999,12.843629,8.870387,7.45,2.13,7.105154,7.081,2.7,20.523788,22.313719,25.676908
"2023-01-16","2023-01-16",18.033365,28.26,12.55952,8.814126,7.6,2.05,6.837222,NA,2.96,20.08107,22.217829,25.609236
"2023-01-17","2023-01-17",18.1576,29.129999,12.647693,8.842257,7.81,2.04,7.055537,7.119801,2.8,21.317343,22.438375,25.860592
"2023-01-18","2023-01-18",18.664103,28.719999,12.784848,9.057922,8.04,2.07,7.244081,7.0131,2.83,20.941448,22.984951,25.918596
"2023-01-19","2023-01-19",19.075035,29.200001,12.843629,9.23608,7.69,2.07,7.392932,7.1392,2.92,21.626408,22.773993,25.483559
"2023-01-20","2023-01-20",18.903017,29.129999,12.598709,9.048544,7.77,2.15,7.293698,7.042201,2.91,22.027363,22.409611,25.957268
"2023-01-23","2023-01-23",18.492083,29.17,12.197039,8.814126,8.15,2.13,7.541783,7.0907,3.06,22.378197,22.246595,25.618904
"2023-01-24","2023-01-24",18.396515,29.32,12.334194,8.926648,8.24,2.16,7.730328,7.0228,3.07,22.219486,22.620567,25.792919
"2023-01-25","2023-01-25",18.444298,29.6,12.353788,8.982908,10.6,2.18,7.799792,7.178,3.1,22.503494,22.869884,26.56632
"2023-01-26","2023-01-26",18.807451,30.219999,12.324399,9.179819,10.26,2.18,7.809715,7.2265,3.07,21.927124,23.234266,27.533072
"2023-01-27","2023-01-27",18.702328,29.549999,12.06968,9.132936,10.85,2.17,7.839485,7.2847,2.96,21.400873,23.30139,26.469645
"2023-01-30","2023-01-30",18.377401,29.41,12.099072,9.170443,10.5,2.15,8.0578,7.1683,2.96,21.509464,23.876734,26.208622
"2023-01-31","2023-01-31",18.339176,29.799999,12.363585,9.395484,10.65,2.17,9.139451,7.042201,2.97,21.776766,24.835638,26.111948
"2023-02-01","2023-02-01",18.033365,29.33,12.206836,9.254832,10.9,2.23,9.437153,6.8676,3.1,21.476051,24.413719,26.324633
"2023-02-02","2023-02-02",17.316616,29.27,12.282622,9.076675,10.8,2.21,9.784472,6.576601,3.05,20.482023,24.384954,25.66724
"2023-02-03","2023-02-03",17.010803,28.98,12.01774,9.020414,10.67,2.14,9.288301,6.4796,2.98,20.70756,24.173994,26.488979
"2023-02-06","2023-02-06",17.13504,29.17,12.037362,9.095428,10.69,1.99,9.149374,6.2468,2.93,21.534525,24.327419,27.001358
"2023-02-07","2023-02-07",16.819672,28.65,11.958879,9.001662,11,1.85,9.179144,6.3535,2.95,21.400873,24.452078,27.020695
"2023-02-08","2023-02-08",17.144598,27.709999,12.390536,9.142313,10.88,1.84,9.228762,6.5087,3.12,21.760061,24.778105,27.436396
"2023-02-09","2023-02-09",16.781445,26.540001,12.106034,9.001662,10.8,1.79,8.911212,6.5378,3.1,21.659822,24.327419,27.020695
"2023-02-10","2023-02-10",17.459967,27.01,11.370255,8.992285,10.99,1.81,9.407382,6.4311,3.09,22.319723,25.506872,27.378391
"2023-02-13","2023-02-13",17.909126,26.84,11.703808,9.104806,10.93,1.81,9.456999,6.4505,3.15,22.386549,25.794544,27.494402
"2023-02-14","2023-02-14",17.804003,26.290001,11.674376,9.029792,10.7,1.81,9.010447,6.499,3.15,22.303019,25.794544,27.45573
"2023-02-15","2023-02-15",17.842232,26.84,11.900016,9.217326,10.89,1.95,9.179144,6.4505,3.16,22.33643,25.679476,28.026114
"2023-02-16","2023-02-16",17.651098,26.51,11.98831,9.573641,10.6,1.94,9.099757,6.305,3.14,22.428316,26.427422,27.900436
"2023-02-17","2023-02-17",17.555532,26.49,11.978499,9.517382,10.5,1.93,9.179144,6.3632,3.18,22.085836,26.743858,27.620079
"2023-02-21","2023-02-21",NA,NA,NA,NA,NA,NA,NA,6.1498,NA,NA,NA,NA
"2023-02-22","2023-02-22",17.268833,26.26,11.792102,9.20795,10.45,1.82,8.980677,5.8297,3.25,21.517818,25.602764,26.885347
"2023-02-23","2023-02-23",17.211493,26.25,11.811723,9.245457,10.37,1.77,8.821902,5.8394,3.1,22.177719,25.957558,26.140951
"2023-02-24","2023-02-24",17.402624,26.25,11.566462,9.170443,10.3,1.73,8.534123,5.5678,3.05,21.634762,25.928791,26.034607
"2023-02-27","2023-02-27",17.154154,26.25,11.556652,9.067299,10.24,1.8,8.504353,5.7133,3.12,21.843592,25.746599,25.879927
"2023-02-28","2023-02-28",17.345285,25.940001,11.419307,9.367353,10,1.85,8.415042,5.8685,3.16,21.083452,25.382214,26.247292
"2023-03-01","2023-03-01",17.30706,25.719999,11.399687,9.273586,9.8,1.87,8.315808,5.9752,2.9,21.133572,25.03701,25.976603
"2023-03-02","2023-03-02",17.33573,26.16,11.220134,9.114182,9.68,1.81,8.037953,6.1692,2.63,20.58226,25.161667,25.541565
"2023-03-03","2023-03-03",17.182823,26.33,11.180835,9.179819,9.98,1.76,7.799792,6.3923,2.76,21.467701,24.739748,25.899263
"2023-03-06","2023-03-06",17.440853,26.74,11.514883,9.311094,9.7,1.81,7.938719,6.208,2.88,21.684881,25.02742,25.696243
"2023-03-07","2023-03-07",17.278389,26.450001,11.681909,9.423615,9.78,1.84,8.077647,6.1207,2.82,20.966507,25.31509,25.32888
"2023-03-08","2023-03-08",17.641541,26.219999,11.986483,9.545512,10.43,1.96,8.563893,6.111001,2.89,21.23381,25.650709,25.628572
"2023-03-09","2023-03-09",17.746664,26.139999,11.927533,9.517382,10.26,1.97,8.613511,6.05,2.95,21.141924,25.765778,25.705912
"2023-03-10","2023-03-10",17.345285,26.09,11.613133,9.357977,10.08,1.99,8.415042,5.92,3.11,20.866268,25.094543,25.135529
"2023-03-13","2023-03-13",16.542528,25.530001,11.514883,9.611149,10.06,1.95,8.375348,5.81,2.96,20.206367,24.260296,25.048521
"2023-03-14","2023-03-14",16.485189,25.16,11.436283,9.461122,9.77,1.94,8.137187,5.79,2.92,19.847179,23.905502,24.217113
"2023-03-15","2023-03-15",16.360954,24.940001,11.652432,9.479874,10.04,1.84,8.434889,5.55,2.87,19.496346,23.934267,23.859417
"2023-03-16","2023-03-16",16.752775,24.870001,11.829283,9.535112,9.9,1.94,8.563893,5.55,2.89,19.429522,23.761665,23.521053
"2023-03-17","2023-03-17",16.112482,24.530001,11.455933,9.359976,9.53,1.97,8.315808,5.56,2.94,19.63835,23.531528,23.482386
"2023-03-20","2023-03-20",15.969131,24.42,11.416633,9.272409,9.87,1.9,8.117341,5.91,2.83,19.153866,23.042488,23.115019
"2023-03-21","2023-03-21",15.892677,25.09,11.377333,9.184841,9.57,1.91,7.958567,6.03,2.82,19.546465,22.994541,22.882999
"2023-03-22","2023-03-22",15.758885,24.290001,11.288909,9.340518,9.74,2.02,7.889102,5.95,2.87,19.487993,23.234266,23.830414
"2023-03-23","2023-03-23",15.720659,23.799999,11.043284,9.194571,9.5,1.98,7.551707,6.04,2.72,19.045273,23.12879,23.289034
"2023-03-24","2023-03-24",15.854452,24.01,11.200483,9.28214,9.56,1.99,7.839485,5.99,2.84,19.036921,23.138376,23.840082
"2023-03-27","2023-03-27",16.045586,24.74,11.347858,9.398895,9.56,2,7.829562,6.12,2.79,19.362696,22.898649,24.333126
"2023-03-28","2023-03-28",15.902234,25.639999,11.288909,9.418355,9.62,2.07,7.720405,6.06,2.81,19.705175,23.061665,23.115019
"2023-03-29","2023-03-29",15.940461,24.540001,11.416633,9.398895,9.22,2.09,7.611247,6.18,2.89,19.964125,22.706869,22.873331
"2023-03-30","2023-03-30",16.246273,24.110001,11.721209,9.690786,9.4,2.15,7.799792,6.35,2.95,20.022596,22.697281,23.550056
"2023-03-31","2023-03-31",16.083811,24.1,11.642609,9.729705,9.5,2.15,7.789868,6.28,3,19.58823,22.553446,23.414711
"2023-04-03","2023-04-03",15.663319,23.799999,11.377333,9.55457,9.25,2.09,7.700558,6.35,2.84,20.456963,21.824678,23.501719
"2023-04-04","2023-04-04",15.806669,24.040001,11.551742,9.719975,9.25,2.15,7.869256,6.2,2.85,20.273193,22.447966,23.685402
"2023-04-05","2023-04-05",15.921348,23.16,11.571421,9.681056,9.03,2.11,7.879179,6.15,2.84,20.340019,22.150705,23.066681
"2023-04-06","2023-04-06",15.720659,23.540001,11.463184,9.612948,9.01,2.08,7.938719,6.46,2.73,20.047657,22.428787,22.689648
"2023-04-10","2023-04-10",15.539083,24.01,11.522223,9.515652,8.61,2.12,7.849409,6.31,2.72,20.473669,22.630157,22.699316
"2023-04-11","2023-04-11",15.835338,24.35,11.994525,9.768624,9.15,2.26,8.047876,6.35,2.84,21.434284,22.745226,23.405043
"2023-04-12","2023-04-12",16.026472,24.889999,12.073242,9.963219,9.11,2.28,8.037953,6.5,2.85,21.592997,22.860294,22.815327
"2023-04-13","2023-04-13",15.797112,24.719999,12.191318,9.953488,9.35,2.37,8.0578,6.77,3.05,21.743355,22.956186,22.960339
"2023-04-14","2023-04-14",15.950018,24.92,12.201157,10.118893,9,2.47,8.047876,6.7,3.1,21.968889,23.195913,23.057014
"2023-04-17","2023-04-17",15.892677,25.309999,12.181479,10.177272,9,2.56,8.127263,6.4,2.94,22.311371,23.272625,22.863663
"2023-04-18","2023-04-18",15.883122,25,12.122439,10.128623,9,2.57,8.047876,6.7,2.88,22.879387,23.291803,22.718651
"2023-04-19","2023-04-19",15.682432,24.059999,11.886289,10.031327,8.99,2.44,7.541783,6.57,2.78,22.144306,23.579473,22.380287
"2023-04-20","2023-04-20",15.701546,24,12.024044,10.050785,8.85,2.46,7.819639,6.47,2.77,22.294664,23.358927,22.322283
"2023-04-21","2023-04-21",NA,NA,NA,NA,NA,NA,NA,6.4,NA,NA,NA,NA
"2023-04-24","2023-04-24",15.644206,23.76,11.925647,10.060515,8.71,2.48,7.849409,6.3,2.81,22.720678,23.541117,21.626223
"2023-04-25","2023-04-25",15.577309,23.629999,12.1126,10.021597,8.73,2.44,7.770021,6.23,2.81,22.628792,23.521938,21.490877
"2023-04-26","2023-04-26",15.634649,23.440001,11.89613,10.011867,8.74,2.49,7.889102,6.08,2.86,22.344784,23.886322,21.40387
"2023-04-27","2023-04-27",15.777999,23.43,12.063403,10.118893,8.79,2.54,8.0578,6.09,2.82,21.801826,24.135637,21.181517
"2023-04-28","2023-04-28",15.978687,24.16,12.220838,10.352407,8.65,2.56,8.335655,6,3.02,22.243404,24.097282,21.558548
"2023-05-01","2023-05-01",NA,NA,NA,NA,NA,NA,NA,5.75,NA,NA,NA,NA
"2023-05-02","2023-05-02",15.319281,23.209999,11.905969,10.245379,8.66,2.57,8.09,5.8,2.91,21.342405,23.70413,21.58
"2023-05-03","2023-05-03",15.567754,23.25,11.952528,10.27457,8.88,2.64,7.98,5.76,2.98,21.267321,23.186323,21.799999
"2023-05-04","2023-05-04",15.730214,23.32,12.228431,10.544288,8.69,2.6,8,5.71,3.02,21.605196,22.534266,21.48
"2023-05-05","2023-05-05",16.016914,23.66,12.671846,10.827421,8.98,2.68,8.3,5.71,3.11,22.524965,22.898649,22.540001
"2023-05-08","2023-05-08",16.494745,23.629999,12.937896,10.827421,9.09,2.69,8.4,5.93,3.09,23.00362,22.620567,23.209999
"2023-05-09","2023-05-09",15.835338,23.450001,13.065994,10.895764,9.11,2.68,8.65,6.07,3.21,23.078705,22.543858,22.700001
"2023-05-10","2023-05-10",15.653762,22.66,13.10541,11.012922,9.5,2.69,8.88,6.07,3.2,23.022392,22.889063,22.42
"2023-05-11","2023-05-11",15.768442,22.75,13.194093,11.159371,9.7,2.76,8.92,5.91,3.35,23.867079,22.889063,23.870001
"2023-05-12","2023-05-12",15.653762,23.17,13.164531,10.407602,10.1,2.82,9.12,5.9,3.49,24.636681,21.613718,23.450001
"2023-05-15","2023-05-15",15.634649,23.370001,13.332044,10.573578,10.26,2.79,9.15,5.95,3.42,24.082941,21.99728,23.51
"2023-05-16","2023-05-16",15.644206,22.92,13.203946,10.720025,10.39,2.75,9.02,5.8,3.49,24.683607,21.978102,23.559999
"2023-05-17","2023-05-17",16.074253,23.35,13.332044,10.895764,10.81,2.78,9.36,5.8,3.61,24.082941,21.920568,23.860001
"2023-05-18","2023-05-18",16.657209,23.5,13.361606,11.296056,11.1,2.88,9.57,5.69,4,24.223722,21.575363,24.629999
"2023-05-19","2023-05-19",17.029917,23.139999,13.519264,11.266767,10.51,2.93,9.55,5.55,3.95,24.186182,21.920568,24.75
"2023-05-22","2023-05-22",16.552086,23.24,13.460142,11.130081,10.16,2.92,9.35,5.38,3.88,24.045401,22.00687,25.110001
"2023-05-23","2023-05-23",16.685877,23.17,13.548825,11.315583,10.12,2.99,9.25,5.28,3.97,24.636681,22.141117,24.969999
"2023-05-24","2023-05-24",16.2845,23.26,13.263068,11.403452,10,2.94,9.14,5.18,4,25.012096,22.246595,24.780001
"2023-05-25","2023-05-25",16.341841,23.26,13.489703,11.715876,10.38,3,9.52,5.17,4.1,24.82439,22.524677,25
"2023-05-26","2023-05-26",16.294056,23.32,13.469996,11.803744,10.4,3.25,9.31,5.17,4.05,25.152878,22.380842,26.120001
"2023-05-29","2023-05-29",15.864009,23.639999,13.460142,12.106404,10.47,3.19,9.3,NA,3.98,25.049639,22.821939,25.450001
"2023-05-30","2023-05-30",15.902234,22.98,13.213799,12.018536,10.32,3.2,9.2,5.15,4.03,24.768076,22.91783,24.84
